STATION,STATION_NAME,DATE,TMAX,TMIN
GHCND:UKM00003772,HEATHROW UK,20100101,36,0
GHCND:UKM00003772,HEATHROW UK,20100102,50,-24
GHCND:UKM00003772,HEATHROW UK,20100103,30,0
GHCND:UKM00003772,HEATHROW UK,20100105,21,-59
GHCND:UKM00003772,HEATHROW UK,20100106,10,0
GHCND:UKM00003772,HEATHROW UK,20100107,0,-57
GHCND:UKM00003772,HEATHROW UK,20100108,8,-31
GHCND:UKM00003772,HEATHROW UK,20100110,23,2
GHCND:UKM00003772,HEATHROW UK,20100112,0,7
GHCND:UKM00003772,HEATHROW UK,20100113,0,-2
GHCND:UKM00003772,HEATHROW UK,20100114,0,-1
GHCND:UKM00003772,HEATHROW UK,20100115,68,0
GHCND:UKM00003772,HEATHROW UK,20100116,0,38
GHCND:UKM00003772,HEATHROW UK,20100117,93,0
GHCND:UKM00003772,HEATHROW UK,20100118,78,9
GHCND:UKM00003772,HEATHROW UK,20100119,80,0
GHCND:UKM00003772,HEATHROW UK,20100121,62,0
GHCND:UKM00003772,HEATHROW UK,20100122,86,44
GHCND:UKM00003772,HEATHROW UK,20100124,62,0
GHCND:UKM00003772,HEATHROW UK,20100127,0,-31
GHCND:UKM00003772,HEATHROW UK,20100128,75,40
GHCND:UKM00003772,HEATHROW UK,20100129,57,0
GHCND:UKM00003772,HEATHROW UK,20100130,39,0
GHCND:UKM00003772,HEATHROW UK,20100131,0,-33
GHCND:UKM00003772,HEATHROW UK,20100201,52,-19
GHCND:UKM00003772,HEATHROW UK,20100202,87,12
GHCND:UKM00003772,HEATHROW UK,20100204,85,45
GHCND:UKM00003772,HEATHROW UK,20100205,121,0
GHCND:UKM00003772,HEATHROW UK,20100206,72,0
GHCND:UKM00003772,HEATHROW UK,20100207,56,0
GHCND:UKM00003772,HEATHROW UK,20100209,61,0
GHCND:UKM00003772,HEATHROW UK,20100210,36,0
GHCND:UKM00003772,HEATHROW UK,20100212,50,-3
GHCND:UKM00003772,HEATHROW UK,20100213,42,0
GHCND:UKM00003772,HEATHROW UK,20100214,51,9
GHCND:UKM00003772,HEATHROW UK,20100216,56,0
GHCND:UKM00003772,HEATHROW UK,20100217,89,0
GHCND:UKM00003772,HEATHROW UK,20100218,61,0
GHCND:UKM00003772,HEATHROW UK,20100219,64,0
GHCND:UKM00003772,HEATHROW UK,20100220,70,0
GHCND:UKM00003772,HEATHROW UK,20100221,81,-28
GHCND:UKM00003772,HEATHROW UK,20100224,116,27
GHCND:UKM00003772,HEATHROW UK,20100225,98,67
GHCND:UKM00003772,HEATHROW UK,20100226,91,0
GHCND:UKM00003772,HEATHROW UK,20100227,111,40
GHCND:UKM00003772,HEATHROW UK,20100301,105,0
GHCND:UKM00003772,HEATHROW UK,20100302,105,-7
GHCND:UKM00003772,HEATHROW UK,20100303,69,0
GHCND:UKM00003772,HEATHROW UK,20100304,79,0
GHCND:UKM00003772,HEATHROW UK,20100305,95,-41
GHCND:UKM00003772,HEATHROW UK,20100306,78,0
GHCND:UKM00003772,HEATHROW UK,20100307,55,0
GHCND:UKM00003772,HEATHROW UK,20100308,71,-24
GHCND:UKM00003772,HEATHROW UK,20100309,80,0
GHCND:UKM00003772,HEATHROW UK,20100310,0,24
GHCND:UKM00003772,HEATHROW UK,20100311,0,17
GHCND:UKM00003772,HEATHROW UK,20100312,89,15
GHCND:UKM00003772,HEATHROW UK,20100313,91,40
GHCND:UKM00003772,HEATHROW UK,20100316,131,19
GHCND:UKM00003772,HEATHROW UK,20100317,151,37
GHCND:UKM00003772,HEATHROW UK,20100318,173,54
GHCND:UKM00003772,HEATHROW UK,20100319,120,0
GHCND:UKM00003772,HEATHROW UK,20100320,134,0
GHCND:UKM00003772,HEATHROW UK,20100321,131,0
GHCND:UKM00003772,HEATHROW UK,20100322,123,0
GHCND:UKM00003772,HEATHROW UK,20100323,117,0
GHCND:UKM00003772,HEATHROW UK,20100324,175,0
GHCND:UKM00003772,HEATHROW UK,20100325,147,0
GHCND:UKM00003772,HEATHROW UK,20100326,137,0
GHCND:UKM00003772,HEATHROW UK,20100327,141,0
GHCND:UKM00003772,HEATHROW UK,20100328,133,49
GHCND:UKM00003772,HEATHROW UK,20100329,126,75
GHCND:UKM00003772,HEATHROW UK,20100330,123,0
GHCND:UKM00003772,HEATHROW UK,20100331,74,0
GHCND:UKM00003772,HEATHROW UK,20100401,103,19
GHCND:UKM00003772,HEATHROW UK,20100402,113,0
GHCND:UKM00003772,HEATHROW UK,20100403,118,0
GHCND:UKM00003772,HEATHROW UK,20100404,122,0
GHCND:UKM00003772,HEATHROW UK,20100405,140,38
GHCND:UKM00003772,HEATHROW UK,20100406,161,57
GHCND:UKM00003772,HEATHROW UK,20100407,110,0
GHCND:UKM00003772,HEATHROW UK,20100408,173,0
GHCND:UKM00003772,HEATHROW UK,20100409,184,49
GHCND:UKM00003772,HEATHROW UK,20100410,178,75
GHCND:UKM00003772,HEATHROW UK,20100411,149,0
GHCND:UKM00003772,HEATHROW UK,20100412,140,0
GHCND:UKM00003772,HEATHROW UK,20100413,157,44
GHCND:UKM00003772,HEATHROW UK,20100414,126,0
GHCND:UKM00003772,HEATHROW UK,20100415,144,45
GHCND:UKM00003772,HEATHROW UK,20100416,143,49
GHCND:UKM00003772,HEATHROW UK,20100417,174,0
GHCND:UKM00003772,HEATHROW UK,20100418,194,34
GHCND:UKM00003772,HEATHROW UK,20100419,172,65
GHCND:UKM00003772,HEATHROW UK,20100420,151,0
GHCND:UKM00003772,HEATHROW UK,20100421,131,27
GHCND:UKM00003772,HEATHROW UK,20100422,145,35
GHCND:UKM00003772,HEATHROW UK,20100423,178,0
GHCND:UKM00003772,HEATHROW UK,20100424,206,43
GHCND:UKM00003772,HEATHROW UK,20100425,189,0
GHCND:UKM00003772,HEATHROW UK,20100426,188,0
GHCND:UKM00003772,HEATHROW UK,20100427,210,0
GHCND:UKM00003772,HEATHROW UK,20100428,214,0
GHCND:UKM00003772,HEATHROW UK,20100429,183,0
GHCND:UKM00003772,HEATHROW UK,20100430,157,0
GHCND:UKM00003772,HEATHROW UK,20100501,174,0
GHCND:UKM00003772,HEATHROW UK,20100503,115,0
GHCND:UKM00003772,HEATHROW UK,20100504,121,26
GHCND:UKM00003772,HEATHROW UK,20100505,155,30
GHCND:UKM00003772,HEATHROW UK,20100506,153,0
GHCND:UKM00003772,HEATHROW UK,20100507,135,66
GHCND:UKM00003772,HEATHROW UK,20100508,0,70
GHCND:UKM00003772,HEATHROW UK,20100509,123,0
GHCND:UKM00003772,HEATHROW UK,20100510,139,48
GHCND:UKM00003772,HEATHROW UK,20100511,105,36
GHCND:UKM00003772,HEATHROW UK,20100512,121,0
GHCND:UKM00003772,HEATHROW UK,20100513,145,20
GHCND:UKM00003772,HEATHROW UK,20100514,150,0
GHCND:UKM00003772,HEATHROW UK,20100516,164,48
GHCND:UKM00003772,HEATHROW UK,20100517,183,0
GHCND:UKM00003772,HEATHROW UK,20100518,193,0
GHCND:UKM00003772,HEATHROW UK,20100519,217,0
GHCND:UKM00003772,HEATHROW UK,20100520,226,0
GHCND:UKM00003772,HEATHROW UK,20100521,252,0
GHCND:UKM00003772,HEATHROW UK,20100522,250,0
GHCND:UKM00003772,HEATHROW UK,20100523,281,116
GHCND:UKM00003772,HEATHROW UK,20100524,288,0
GHCND:UKM00003772,HEATHROW UK,20100525,207,0
GHCND:UKM00003772,HEATHROW UK,20100527,187,95
GHCND:UKM00003772,HEATHROW UK,20100528,197,76
GHCND:UKM00003772,HEATHROW UK,20100529,165,105
GHCND:UKM00003772,HEATHROW UK,20100530,203,0
GHCND:UKM00003772,HEATHROW UK,20100531,165,0
GHCND:UKM00003772,HEATHROW UK,20100601,143,117
GHCND:UKM00003772,HEATHROW UK,20100603,234,104
GHCND:UKM00003772,HEATHROW UK,20100605,280,130
GHCND:UKM00003772,HEATHROW UK,20100606,243,148
GHCND:UKM00003772,HEATHROW UK,20100607,210,119
GHCND:UKM00003772,HEATHROW UK,20100608,204,116
GHCND:UKM00003772,HEATHROW UK,20100609,224,0
GHCND:UKM00003772,HEATHROW UK,20100611,204,126
GHCND:UKM00003772,HEATHROW UK,20100612,202,96
GHCND:UKM00003772,HEATHROW UK,20100613,222,107
GHCND:UKM00003772,HEATHROW UK,20100615,0,88
GHCND:UKM00003772,HEATHROW UK,20100616,208,0
GHCND:UKM00003772,HEATHROW UK,20100617,233,84
GHCND:UKM00003772,HEATHROW UK,20100618,208,0
GHCND:UKM00003772,HEATHROW UK,20100619,0,77
GHCND:UKM00003772,HEATHROW UK,20100620,0,79
GHCND:UKM00003772,HEATHROW UK,20100621,247,0
GHCND:UKM00003772,HEATHROW UK,20100622,273,0
GHCND:UKM00003772,HEATHROW UK,20100623,273,138
GHCND:UKM00003772,HEATHROW UK,20100624,263,132
GHCND:UKM00003772,HEATHROW UK,20100625,278,145
GHCND:UKM00003772,HEATHROW UK,20100626,276,0
GHCND:UKM00003772,HEATHROW UK,20100627,306,0
GHCND:UKM00003772,HEATHROW UK,20100628,287,0
GHCND:UKM00003772,HEATHROW UK,20100629,286,0
GHCND:UKM00003772,HEATHROW UK,20100630,264,0
GHCND:UKM00003772,HEATHROW UK,20100701,272,137
GHCND:UKM00003772,HEATHROW UK,20100702,258,187
GHCND:UKM00003772,HEATHROW UK,20100703,261,148
GHCND:UKM00003772,HEATHROW UK,20100704,245,0
GHCND:UKM00003772,HEATHROW UK,20100705,242,134
GHCND:UKM00003772,HEATHROW UK,20100706,238,120
GHCND:UKM00003772,HEATHROW UK,20100707,240,147
GHCND:UKM00003772,HEATHROW UK,20100708,271,0
GHCND:UKM00003772,HEATHROW UK,20100709,312,157
GHCND:UKM00003772,HEATHROW UK,20100710,291,170
GHCND:UKM00003772,HEATHROW UK,20100711,275,0
GHCND:UKM00003772,HEATHROW UK,20100712,239,0
GHCND:UKM00003772,HEATHROW UK,20100713,217,0
GHCND:UKM00003772,HEATHROW UK,20100714,218,0
GHCND:UKM00003772,HEATHROW UK,20100715,215,149
GHCND:UKM00003772,HEATHROW UK,20100716,228,135
GHCND:UKM00003772,HEATHROW UK,20100717,220,130
GHCND:UKM00003772,HEATHROW UK,20100719,295,0
GHCND:UKM00003772,HEATHROW UK,20100721,251,0
GHCND:UKM00003772,HEATHROW UK,20100722,227,136
GHCND:UKM00003772,HEATHROW UK,20100723,206,0
GHCND:UKM00003772,HEATHROW UK,20100724,255,0
GHCND:UKM00003772,HEATHROW UK,20100725,260,0
GHCND:UKM00003772,HEATHROW UK,20100727,263,0
GHCND:UKM00003772,HEATHROW UK,20100728,252,0
GHCND:UKM00003772,HEATHROW UK,20100729,233,0
GHCND:UKM00003772,HEATHROW UK,20100730,231,0
GHCND:UKM00003772,HEATHROW UK,20100731,251,0
GHCND:UKM00003772,HEATHROW UK,20100801,239,146
GHCND:UKM00003772,HEATHROW UK,20100802,234,0
GHCND:UKM00003772,HEATHROW UK,20100803,236,0
GHCND:UKM00003772,HEATHROW UK,20100804,201,0
GHCND:UKM00003772,HEATHROW UK,20100805,226,119
GHCND:UKM00003772,HEATHROW UK,20100806,214,0
GHCND:UKM00003772,HEATHROW UK,20100807,218,159
GHCND:UKM00003772,HEATHROW UK,20100808,245,135
GHCND:UKM00003772,HEATHROW UK,20100809,251,0
GHCND:UKM00003772,HEATHROW UK,20100810,193,0
GHCND:UKM00003772,HEATHROW UK,20100811,230,0
GHCND:UKM00003772,HEATHROW UK,20100812,204,0
GHCND:UKM00003772,HEATHROW UK,20100813,180,110
GHCND:UKM00003772,HEATHROW UK,20100814,184,130
GHCND:UKM00003772,HEATHROW UK,20100815,227,130
GHCND:UKM00003772,HEATHROW UK,20100816,254,128
GHCND:UKM00003772,HEATHROW UK,20100817,210,147
GHCND:UKM00003772,HEATHROW UK,20100818,216,0
GHCND:UKM00003772,HEATHROW UK,20100819,219,120
GHCND:UKM00003772,HEATHROW UK,20100820,215,0
GHCND:UKM00003772,HEATHROW UK,20100821,243,0
GHCND:UKM00003772,HEATHROW UK,20100822,231,0
GHCND:UKM00003772,HEATHROW UK,20100824,0,116
GHCND:UKM00003772,HEATHROW UK,20100825,182,0
GHCND:UKM00003772,HEATHROW UK,20100826,213,132
GHCND:UKM00003772,HEATHROW UK,20100827,185,0
GHCND:UKM00003772,HEATHROW UK,20100828,206,99
GHCND:UKM00003772,HEATHROW UK,20100829,196,119
GHCND:UKM00003772,HEATHROW UK,20100830,195,0
GHCND:UKM00003772,HEATHROW UK,20100831,205,84
GHCND:UKM00003772,HEATHROW UK,20100901,213,0
GHCND:UKM00003772,HEATHROW UK,20100902,219,0
GHCND:UKM00003772,HEATHROW UK,20100903,225,119
GHCND:UKM00003772,HEATHROW UK,20100904,220,0
GHCND:UKM00003772,HEATHROW UK,20100905,218,132
GHCND:UKM00003772,HEATHROW UK,20100906,218,0
GHCND:UKM00003772,HEATHROW UK,20100907,196,130
GHCND:UKM00003772,HEATHROW UK,20100908,206,0
GHCND:UKM00003772,HEATHROW UK,20100909,225,0
GHCND:UKM00003772,HEATHROW UK,20100910,224,140
GHCND:UKM00003772,HEATHROW UK,20100911,225,0
GHCND:UKM00003772,HEATHROW UK,20100912,208,110
GHCND:UKM00003772,HEATHROW UK,20100913,185,0
GHCND:UKM00003772,HEATHROW UK,20100914,201,0
GHCND:UKM00003772,HEATHROW UK,20100915,180,0
GHCND:UKM00003772,HEATHROW UK,20100916,181,0
GHCND:UKM00003772,HEATHROW UK,20100917,164,0
GHCND:UKM00003772,HEATHROW UK,20100918,180,0
GHCND:UKM00003772,HEATHROW UK,20100919,183,0
GHCND:UKM00003772,HEATHROW UK,20100920,228,0
GHCND:UKM00003772,HEATHROW UK,20100921,219,0
GHCND:UKM00003772,HEATHROW UK,20100922,0,103
GHCND:UKM00003772,HEATHROW UK,20100923,183,0
GHCND:UKM00003772,HEATHROW UK,20100924,145,0
GHCND:UKM00003772,HEATHROW UK,20100927,0,107
GHCND:UKM00003772,HEATHROW UK,20100928,0,130
GHCND:UKM00003772,HEATHROW UK,20100929,173,0
GHCND:UKM00003772,HEATHROW UK,20100930,164,0
GHCND:UKM00003772,HEATHROW UK,20101002,170,0
GHCND:UKM00003772,HEATHROW UK,20101004,163,0
GHCND:UKM00003772,HEATHROW UK,20101005,183,0
GHCND:UKM00003772,HEATHROW UK,20101006,183,0
GHCND:UKM00003772,HEATHROW UK,20101007,186,80
GHCND:UKM00003772,HEATHROW UK,20101008,211,0
GHCND:UKM00003772,HEATHROW UK,20101010,203,0
GHCND:UKM00003772,HEATHROW UK,20101011,186,0
GHCND:UKM00003772,HEATHROW UK,20101012,153,95
GHCND:UKM00003772,HEATHROW UK,20101013,125,97
GHCND:UKM00003772,HEATHROW UK,20101014,117,97
GHCND:UKM00003772,HEATHROW UK,20101015,131,0
GHCND:UKM00003772,HEATHROW UK,20101016,135,0
GHCND:UKM00003772,HEATHROW UK,20101017,139,0
GHCND:UKM00003772,HEATHROW UK,20101018,146,28
GHCND:UKM00003772,HEATHROW UK,20101019,138,0
GHCND:UKM00003772,HEATHROW UK,20101020,93,0
GHCND:UKM00003772,HEATHROW UK,20101021,125,-6
GHCND:UKM00003772,HEATHROW UK,20101022,142,35
GHCND:UKM00003772,HEATHROW UK,20101023,128,0
GHCND:UKM00003772,HEATHROW UK,20101024,112,27
GHCND:UKM00003772,HEATHROW UK,20101025,121,10
GHCND:UKM00003772,HEATHROW UK,20101026,0,19
GHCND:UKM00003772,HEATHROW UK,20101027,176,0
GHCND:UKM00003772,HEATHROW UK,20101028,0,102
GHCND:UKM00003772,HEATHROW UK,20101030,146,0
GHCND:UKM00003772,HEATHROW UK,20101101,141,0
GHCND:UKM00003772,HEATHROW UK,20101102,153,97
GHCND:UKM00003772,HEATHROW UK,20101104,185,0
GHCND:UKM00003772,HEATHROW UK,20101105,174,0
GHCND:UKM00003772,HEATHROW UK,20101107,93,47
GHCND:UKM00003772,HEATHROW UK,20101108,95,46
GHCND:UKM00003772,HEATHROW UK,20101110,83,0
GHCND:UKM00003772,HEATHROW UK,20101111,150,7
GHCND:UKM00003772,HEATHROW UK,20101112,120,0
GHCND:UKM00003772,HEATHROW UK,20101113,104,0
GHCND:UKM00003772,HEATHROW UK,20101115,82,0
GHCND:UKM00003772,HEATHROW UK,20101116,0,-6
GHCND:UKM00003772,HEATHROW UK,20101117,75,37
GHCND:UKM00003772,HEATHROW UK,20101118,109,50
GHCND:UKM00003772,HEATHROW UK,20101119,122,0
GHCND:UKM00003772,HEATHROW UK,20101120,84,0
GHCND:UKM00003772,HEATHROW UK,20101121,0,48
GHCND:UKM00003772,HEATHROW UK,20101122,77,0
GHCND:UKM00003772,HEATHROW UK,20101123,76,0
GHCND:UKM00003772,HEATHROW UK,20101124,56,0
GHCND:UKM00003772,HEATHROW UK,20101125,25,0
GHCND:UKM00003772,HEATHROW UK,20101126,38,0
GHCND:UKM00003772,HEATHROW UK,20101127,15,-31
GHCND:UKM00003772,HEATHROW UK,20101128,16,0
GHCND:UKM00003772,HEATHROW UK,20101129,15,-15
GHCND:UKM00003772,HEATHROW UK,20101130,20,0
GHCND:UKM00003772,HEATHROW UK,20101202,1,0
GHCND:UKM00003772,HEATHROW UK,20101203,0,-50
GHCND:UKM00003772,HEATHROW UK,20101204,65,-39
GHCND:UKM00003772,HEATHROW UK,20101205,50,0
GHCND:UKM00003772,HEATHROW UK,20101206,-7,0
GHCND:UKM00003772,HEATHROW UK,20101207,0,-20
GHCND:UKM00003772,HEATHROW UK,20101208,34,0
GHCND:UKM00003772,HEATHROW UK,20101209,43,-21
GHCND:UKM00003772,HEATHROW UK,20101210,71,5
GHCND:UKM00003772,HEATHROW UK,20101211,0,49
GHCND:UKM00003772,HEATHROW UK,20101212,62,0
GHCND:UKM00003772,HEATHROW UK,20101213,43,-10
GHCND:UKM00003772,HEATHROW UK,20101214,51,0
GHCND:UKM00003772,HEATHROW UK,20101215,50,0
GHCND:UKM00003772,HEATHROW UK,20101216,71,0
GHCND:UKM00003772,HEATHROW UK,20101217,2,0
GHCND:UKM00003772,HEATHROW UK,20101218,5,-69
GHCND:UKM00003772,HEATHROW UK,20101219,5,0
GHCND:UKM00003772,HEATHROW UK,20101220,10,-94
GHCND:UKM00003772,HEATHROW UK,20101223,23,-11
GHCND:UKM00003772,HEATHROW UK,20101224,21,0
GHCND:UKM00003772,HEATHROW UK,20101226,17,0
GHCND:UKM00003772,HEATHROW UK,20101227,49,5
GHCND:UKM00003772,HEATHROW UK,20101228,0,25
GHCND:UKM00003772,HEATHROW UK,20101229,95,69
GHCND:UKM00003772,HEATHROW UK,20101231,0,50
GHCND:UKM00003772,HEATHROW UK,20110101,72,0
GHCND:UKM00003772,HEATHROW UK,20110102,40,0
GHCND:UKM00003772,HEATHROW UK,20110103,29,0
GHCND:UKM00003772,HEATHROW UK,20110104,0,3
GHCND:UKM00003772,HEATHROW UK,20110105,71,38
GHCND:UKM00003772,HEATHROW UK,20110107,108,10
GHCND:UKM00003772,HEATHROW UK,20110108,104,0
GHCND:UKM00003772,HEATHROW UK,20110109,72,0
GHCND:UKM00003772,HEATHROW UK,20110110,89,-19
GHCND:UKM00003772,HEATHROW UK,20110111,83,0
GHCND:UKM00003772,HEATHROW UK,20110112,0,37
GHCND:UKM00003772,HEATHROW UK,20110114,121,0
GHCND:UKM00003772,HEATHROW UK,20110115,116,0
GHCND:UKM00003772,HEATHROW UK,20110116,124,0
GHCND:UKM00003772,HEATHROW UK,20110118,75,0
GHCND:UKM00003772,HEATHROW UK,20110119,74,-11
GHCND:UKM00003772,HEATHROW UK,20110120,53,14
GHCND:UKM00003772,HEATHROW UK,20110122,0,-1
GHCND:UKM00003772,HEATHROW UK,20110123,0,58
GHCND:UKM00003772,HEATHROW UK,20110124,72,0
GHCND:UKM00003772,HEATHROW UK,20110125,0,13
GHCND:UKM00003772,HEATHROW UK,20110126,71,0
GHCND:UKM00003772,HEATHROW UK,20110127,31,0
GHCND:UKM00003772,HEATHROW UK,20110129,0,-1
GHCND:UKM00003772,HEATHROW UK,20110130,56,0
GHCND:UKM00003772,HEATHROW UK,20110131,48,0
GHCND:UKM00003772,HEATHROW UK,20110201,80,-22
GHCND:UKM00003772,HEATHROW UK,20110203,106,0
GHCND:UKM00003772,HEATHROW UK,20110204,123,82
GHCND:UKM00003772,HEATHROW UK,20110205,131,109
GHCND:UKM00003772,HEATHROW UK,20110207,122,0
GHCND:UKM00003772,HEATHROW UK,20110208,106,0
GHCND:UKM00003772,HEATHROW UK,20110209,104,43
GHCND:UKM00003772,HEATHROW UK,20110210,0,76
GHCND:UKM00003772,HEATHROW UK,20110211,0,76
GHCND:UKM00003772,HEATHROW UK,20110212,114,0
GHCND:UKM00003772,HEATHROW UK,20110213,88,46
GHCND:UKM00003772,HEATHROW UK,20110214,102,39
GHCND:UKM00003772,HEATHROW UK,20110215,0,40
GHCND:UKM00003772,HEATHROW UK,20110216,110,18
GHCND:UKM00003772,HEATHROW UK,20110217,102,0
GHCND:UKM00003772,HEATHROW UK,20110218,91,0
GHCND:UKM00003772,HEATHROW UK,20110219,65,26
GHCND:UKM00003772,HEATHROW UK,20110221,75,0
GHCND:UKM00003772,HEATHROW UK,20110222,72,0
GHCND:UKM00003772,HEATHROW UK,20110223,113,59
GHCND:UKM00003772,HEATHROW UK,20110224,144,0
GHCND:UKM00003772,HEATHROW UK,20110225,141,67
GHCND:UKM00003772,HEATHROW UK,20110227,99,0
GHCND:UKM00003772,HEATHROW UK,20110228,52,0
GHCND:UKM00003772,HEATHROW UK,20110302,73,0
GHCND:UKM00003772,HEATHROW UK,20110303,48,-3
GHCND:UKM00003772,HEATHROW UK,20110304,79,8
GHCND:UKM00003772,HEATHROW UK,20110305,81,10
GHCND:UKM00003772,HEATHROW UK,20110306,80,0
GHCND:UKM00003772,HEATHROW UK,20110307,101,0
GHCND:UKM00003772,HEATHROW UK,20110309,113,31
GHCND:UKM00003772,HEATHROW UK,20110310,136,52
GHCND:UKM00003772,HEATHROW UK,20110311,124,0
GHCND:UKM00003772,HEATHROW UK,20110312,134,67
GHCND:UKM00003772,HEATHROW UK,20110313,106,0
GHCND:UKM00003772,HEATHROW UK,20110314,126,-2
GHCND:UKM00003772,HEATHROW UK,20110315,0,65
GHCND:UKM00003772,HEATHROW UK,20110316,101,0
GHCND:UKM00003772,HEATHROW UK,20110317,104,0
GHCND:UKM00003772,HEATHROW UK,20110319,125,0
GHCND:UKM00003772,HEATHROW UK,20110320,133,0
GHCND:UKM00003772,HEATHROW UK,20110321,155,29
GHCND:UKM00003772,HEATHROW UK,20110322,167,65
GHCND:UKM00003772,HEATHROW UK,20110323,173,0
GHCND:UKM00003772,HEATHROW UK,20110324,167,0
GHCND:UKM00003772,HEATHROW UK,20110325,188,0
GHCND:UKM00003772,HEATHROW UK,20110326,146,63
GHCND:UKM00003772,HEATHROW UK,20110327,151,69
GHCND:UKM00003772,HEATHROW UK,20110328,155,0
GHCND:UKM00003772,HEATHROW UK,20110329,0,38
GHCND:UKM00003772,HEATHROW UK,20110331,182,0
GHCND:UKM00003772,HEATHROW UK,20110401,0,116
GHCND:UKM00003772,HEATHROW UK,20110402,178,0
GHCND:UKM00003772,HEATHROW UK,20110403,156,50
GHCND:UKM00003772,HEATHROW UK,20110404,146,0
GHCND:UKM00003772,HEATHROW UK,20110405,132,90
GHCND:UKM00003772,HEATHROW UK,20110406,230,0
GHCND:UKM00003772,HEATHROW UK,20110407,219,0
GHCND:UKM00003772,HEATHROW UK,20110408,214,76
GHCND:UKM00003772,HEATHROW UK,20110409,191,0
GHCND:UKM00003772,HEATHROW UK,20110410,203,0
GHCND:UKM00003772,HEATHROW UK,20110411,202,0
GHCND:UKM00003772,HEATHROW UK,20110412,147,0
GHCND:UKM00003772,HEATHROW UK,20110413,135,47
GHCND:UKM00003772,HEATHROW UK,20110414,134,73
GHCND:UKM00003772,HEATHROW UK,20110415,177,0
GHCND:UKM00003772,HEATHROW UK,20110416,171,0
GHCND:UKM00003772,HEATHROW UK,20110417,201,0
GHCND:UKM00003772,HEATHROW UK,20110418,196,0
GHCND:UKM00003772,HEATHROW UK,20110419,248,88
GHCND:UKM00003772,HEATHROW UK,20110420,265,96
GHCND:UKM00003772,HEATHROW UK,20110421,263,117
GHCND:UKM00003772,HEATHROW UK,20110422,260,0
GHCND:UKM00003772,HEATHROW UK,20110423,274,0
GHCND:UKM00003772,HEATHROW UK,20110424,233,113
GHCND:UKM00003772,HEATHROW UK,20110427,170,0
GHCND:UKM00003772,HEATHROW UK,20110428,170,59
GHCND:UKM00003772,HEATHROW UK,20110429,203,96
GHCND:UKM00003772,HEATHROW UK,20110430,215,110
GHCND:UKM00003772,HEATHROW UK,20110501,198,114
GHCND:UKM00003772,HEATHROW UK,20110502,170,0
GHCND:UKM00003772,HEATHROW UK,20110503,153,60
GHCND:UKM00003772,HEATHROW UK,20110504,185,0
GHCND:UKM00003772,HEATHROW UK,20110505,215,83
GHCND:UKM00003772,HEATHROW UK,20110506,250,0
GHCND:UKM00003772,HEATHROW UK,20110507,233,138
GHCND:UKM00003772,HEATHROW UK,20110509,205,104
GHCND:UKM00003772,HEATHROW UK,20110510,216,82
GHCND:UKM00003772,HEATHROW UK,20110511,181,89
GHCND:UKM00003772,HEATHROW UK,20110512,193,0
GHCND:UKM00003772,HEATHROW UK,20110513,186,0
GHCND:UKM00003772,HEATHROW UK,20110514,174,0
GHCND:UKM00003772,HEATHROW UK,20110516,201,109
GHCND:UKM00003772,HEATHROW UK,20110517,187,107
GHCND:UKM00003772,HEATHROW UK,20110518,203,0
GHCND:UKM00003772,HEATHROW UK,20110519,205,68
GHCND:UKM00003772,HEATHROW UK,20110520,193,98
GHCND:UKM00003772,HEATHROW UK,20110521,215,0
GHCND:UKM00003772,HEATHROW UK,20110522,200,0
GHCND:UKM00003772,HEATHROW UK,20110523,198,92
GHCND:UKM00003772,HEATHROW UK,20110524,194,0
GHCND:UKM00003772,HEATHROW UK,20110525,205,0
GHCND:UKM00003772,HEATHROW UK,20110526,170,0
GHCND:UKM00003772,HEATHROW UK,20110527,164,0
GHCND:UKM00003772,HEATHROW UK,20110528,170,89
GHCND:UKM00003772,HEATHROW UK,20110529,200,127
GHCND:UKM00003772,HEATHROW UK,20110531,0,64
GHCND:UKM00003772,HEATHROW UK,20110601,216,0
GHCND:UKM00003772,HEATHROW UK,20110603,258,128
GHCND:UKM00003772,HEATHROW UK,20110604,270,0
GHCND:UKM00003772,HEATHROW UK,20110605,195,0
GHCND:UKM00003772,HEATHROW UK,20110606,156,0
GHCND:UKM00003772,HEATHROW UK,20110607,195,100
GHCND:UKM00003772,HEATHROW UK,20110608,182,84
GHCND:UKM00003772,HEATHROW UK,20110609,179,94
GHCND:UKM00003772,HEATHROW UK,20110610,0,79
GHCND:UKM00003772,HEATHROW UK,20110611,189,72
GHCND:UKM00003772,HEATHROW UK,20110612,0,70
GHCND:UKM00003772,HEATHROW UK,20110613,217,0
GHCND:UKM00003772,HEATHROW UK,20110614,230,0
GHCND:UKM00003772,HEATHROW UK,20110615,202,140
GHCND:UKM00003772,HEATHROW UK,20110616,177,0
GHCND:UKM00003772,HEATHROW UK,20110617,154,97
GHCND:UKM00003772,HEATHROW UK,20110618,186,107
GHCND:UKM00003772,HEATHROW UK,20110619,190,109
GHCND:UKM00003772,HEATHROW UK,20110620,213,95
GHCND:UKM00003772,HEATHROW UK,20110621,215,0
GHCND:UKM00003772,HEATHROW UK,20110622,0,118
GHCND:UKM00003772,HEATHROW UK,20110623,192,0
GHCND:UKM00003772,HEATHROW UK,20110624,196,90
GHCND:UKM00003772,HEATHROW UK,20110625,239,112
GHCND:UKM00003772,HEATHROW UK,20110626,284,0
GHCND:UKM00003772,HEATHROW UK,20110627,312,0
GHCND:UKM00003772,HEATHROW UK,20110628,201,0
GHCND:UKM00003772,HEATHROW UK,20110629,205,0
GHCND:UKM00003772,HEATHROW UK,20110630,203,96
GHCND:UKM00003772,HEATHROW UK,20110701,207,99
GHCND:UKM00003772,HEATHROW UK,20110703,241,0
GHCND:UKM00003772,HEATHROW UK,20110704,255,134
GHCND:UKM00003772,HEATHROW UK,20110705,259,122
GHCND:UKM00003772,HEATHROW UK,20110706,208,129
GHCND:UKM00003772,HEATHROW UK,20110707,204,0
GHCND:UKM00003772,HEATHROW UK,20110708,198,128
GHCND:UKM00003772,HEATHROW UK,20110709,221,128
GHCND:UKM00003772,HEATHROW UK,20110710,229,0
GHCND:UKM00003772,HEATHROW UK,20110711,246,0
GHCND:UKM00003772,HEATHROW UK,20110712,197,0
GHCND:UKM00003772,HEATHROW UK,20110713,184,129
GHCND:UKM00003772,HEATHROW UK,20110715,253,0
GHCND:UKM00003772,HEATHROW UK,20110716,199,0
GHCND:UKM00003772,HEATHROW UK,20110717,193,127
GHCND:UKM00003772,HEATHROW UK,20110718,196,0
GHCND:UKM00003772,HEATHROW UK,20110720,181,0
GHCND:UKM00003772,HEATHROW UK,20110721,190,0
GHCND:UKM00003772,HEATHROW UK,20110722,0,108
GHCND:UKM00003772,HEATHROW UK,20110723,189,0
GHCND:UKM00003772,HEATHROW UK,20110724,239,95
GHCND:UKM00003772,HEATHROW UK,20110725,240,109
GHCND:UKM00003772,HEATHROW UK,20110726,205,139
GHCND:UKM00003772,HEATHROW UK,20110727,0,148
GHCND:UKM00003772,HEATHROW UK,20110728,245,145
GHCND:UKM00003772,HEATHROW UK,20110729,211,137
GHCND:UKM00003772,HEATHROW UK,20110730,226,120
GHCND:UKM00003772,HEATHROW UK,20110731,245,0
GHCND:UKM00003772,HEATHROW UK,20110801,290,160
GHCND:UKM00003772,HEATHROW UK,20110802,283,0
GHCND:UKM00003772,HEATHROW UK,20110803,301,0
GHCND:UKM00003772,HEATHROW UK,20110804,218,0
GHCND:UKM00003772,HEATHROW UK,20110805,255,145
GHCND:UKM00003772,HEATHROW UK,20110806,206,0
GHCND:UKM00003772,HEATHROW UK,20110807,203,121
GHCND:UKM00003772,HEATHROW UK,20110808,219,109
GHCND:UKM00003772,HEATHROW UK,20110809,216,0
GHCND:UKM00003772,HEATHROW UK,20110811,226,0
GHCND:UKM00003772,HEATHROW UK,20110812,0,158
GHCND:UKM00003772,HEATHROW UK,20110813,222,0
GHCND:UKM00003772,HEATHROW UK,20110814,232,0
GHCND:UKM00003772,HEATHROW UK,20110815,229,0
GHCND:UKM00003772,HEATHROW UK,20110816,0,139
GHCND:UKM00003772,HEATHROW UK,20110817,211,0
GHCND:UKM00003772,HEATHROW UK,20110818,166,0
GHCND:UKM00003772,HEATHROW UK,20110819,217,87
GHCND:UKM00003772,HEATHROW UK,20110820,216,140
GHCND:UKM00003772,HEATHROW UK,20110821,241,0
GHCND:UKM00003772,HEATHROW UK,20110822,235,109
GHCND:UKM00003772,HEATHROW UK,20110824,220,139
GHCND:UKM00003772,HEATHROW UK,20110825,206,0
GHCND:UKM00003772,HEATHROW UK,20110826,175,0
GHCND:UKM00003772,HEATHROW UK,20110827,190,111
GHCND:UKM00003772,HEATHROW UK,20110828,195,0
GHCND:UKM00003772,HEATHROW UK,20110829,181,99
GHCND:UKM00003772,HEATHROW UK,20110830,173,0
GHCND:UKM00003772,HEATHROW UK,20110831,185,0
GHCND:UKM00003772,HEATHROW UK,20110901,212,108
GHCND:UKM00003772,HEATHROW UK,20110902,270,129
GHCND:UKM00003772,HEATHROW UK,20110903,241,147
GHCND:UKM00003772,HEATHROW UK,20110904,194,0
GHCND:UKM00003772,HEATHROW UK,20110905,197,0
GHCND:UKM00003772,HEATHROW UK,20110906,187,0
GHCND:UKM00003772,HEATHROW UK,20110907,171,119
GHCND:UKM00003772,HEATHROW UK,20110908,208,127
GHCND:UKM00003772,HEATHROW UK,20110909,215,159
GHCND:UKM00003772,HEATHROW UK,20110910,227,0
GHCND:UKM00003772,HEATHROW UK,20110911,210,148
GHCND:UKM00003772,HEATHROW UK,20110912,217,0
GHCND:UKM00003772,HEATHROW UK,20110913,195,0
GHCND:UKM00003772,HEATHROW UK,20110914,200,100
GHCND:UKM00003772,HEATHROW UK,20110915,201,0
GHCND:UKM00003772,HEATHROW UK,20110916,227,0
GHCND:UKM00003772,HEATHROW UK,20110917,196,0
GHCND:UKM00003772,HEATHROW UK,20110918,170,74
GHCND:UKM00003772,HEATHROW UK,20110919,194,0
GHCND:UKM00003772,HEATHROW UK,20110920,202,0
GHCND:UKM00003772,HEATHROW UK,20110921,185,130
GHCND:UKM00003772,HEATHROW UK,20110922,192,0
GHCND:UKM00003772,HEATHROW UK,20110923,0,84
GHCND:UKM00003772,HEATHROW UK,20110924,209,0
GHCND:UKM00003772,HEATHROW UK,20110925,218,110
GHCND:UKM00003772,HEATHROW UK,20110926,227,0
GHCND:UKM00003772,HEATHROW UK,20110927,218,118
GHCND:UKM00003772,HEATHROW UK,20110928,259,0
GHCND:UKM00003772,HEATHROW UK,20110929,281,127
GHCND:UKM00003772,HEATHROW UK,20110930,285,125
GHCND:UKM00003772,HEATHROW UK,20111001,288,129
GHCND:UKM00003772,HEATHROW UK,20111002,283,126
GHCND:UKM00003772,HEATHROW UK,20111003,266,0
GHCND:UKM00003772,HEATHROW UK,20111004,193,0
GHCND:UKM00003772,HEATHROW UK,20111005,198,0
GHCND:UKM00003772,HEATHROW UK,20111007,167,0
GHCND:UKM00003772,HEATHROW UK,20111008,0,90
GHCND:UKM00003772,HEATHROW UK,20111009,211,140
GHCND:UKM00003772,HEATHROW UK,20111010,204,159
GHCND:UKM00003772,HEATHROW UK,20111011,200,0
GHCND:UKM00003772,HEATHROW UK,20111012,200,0
GHCND:UKM00003772,HEATHROW UK,20111013,179,0
GHCND:UKM00003772,HEATHROW UK,20111014,168,79
GHCND:UKM00003772,HEATHROW UK,20111015,180,0
GHCND:UKM00003772,HEATHROW UK,20111016,182,47
GHCND:UKM00003772,HEATHROW UK,20111017,174,0
GHCND:UKM00003772,HEATHROW UK,20111018,140,0
GHCND:UKM00003772,HEATHROW UK,20111019,137,0
GHCND:UKM00003772,HEATHROW UK,20111020,128,0
GHCND:UKM00003772,HEATHROW UK,20111021,156,47
GHCND:UKM00003772,HEATHROW UK,20111022,147,0
GHCND:UKM00003772,HEATHROW UK,20111023,200,0
GHCND:UKM00003772,HEATHROW UK,20111024,184,0
GHCND:UKM00003772,HEATHROW UK,20111025,171,0
GHCND:UKM00003772,HEATHROW UK,20111026,127,0
GHCND:UKM00003772,HEATHROW UK,20111027,135,94
GHCND:UKM00003772,HEATHROW UK,20111028,162,0
GHCND:UKM00003772,HEATHROW UK,20111029,171,0
GHCND:UKM00003772,HEATHROW UK,20111030,169,133
GHCND:UKM00003772,HEATHROW UK,20111031,169,0
GHCND:UKM00003772,HEATHROW UK,20111101,161,0
GHCND:UKM00003772,HEATHROW UK,20111102,164,68
GHCND:UKM00003772,HEATHROW UK,20111103,180,0
GHCND:UKM00003772,HEATHROW UK,20111104,165,0
GHCND:UKM00003772,HEATHROW UK,20111105,143,0
GHCND:UKM00003772,HEATHROW UK,20111106,122,0
GHCND:UKM00003772,HEATHROW UK,20111107,131,98
GHCND:UKM00003772,HEATHROW UK,20111109,159,0
GHCND:UKM00003772,HEATHROW UK,20111110,147,0
GHCND:UKM00003772,HEATHROW UK,20111111,0,69
GHCND:UKM00003772,HEATHROW UK,20111112,166,110
GHCND:UKM00003772,HEATHROW UK,20111113,164,0
GHCND:UKM00003772,HEATHROW UK,20111114,101,0
GHCND:UKM00003772,HEATHROW UK,20111115,124,0
GHCND:UKM00003772,HEATHROW UK,20111117,149,67
GHCND:UKM00003772,HEATHROW UK,20111118,152,0
GHCND:UKM00003772,HEATHROW UK,20111119,135,55
GHCND:UKM00003772,HEATHROW UK,20111120,75,0
GHCND:UKM00003772,HEATHROW UK,20111121,115,0
GHCND:UKM00003772,HEATHROW UK,20111122,130,0
GHCND:UKM00003772,HEATHROW UK,20111123,0,26
GHCND:UKM00003772,HEATHROW UK,20111124,135,0
GHCND:UKM00003772,HEATHROW UK,20111126,136,63
GHCND:UKM00003772,HEATHROW UK,20111127,140,0
GHCND:UKM00003772,HEATHROW UK,20111129,139,0
GHCND:UKM00003772,HEATHROW UK,20111130,128,55
GHCND:UKM00003772,HEATHROW UK,20111201,121,0
GHCND:UKM00003772,HEATHROW UK,20111203,0,59
GHCND:UKM00003772,HEATHROW UK,20111204,95,0
GHCND:UKM00003772,HEATHROW UK,20111205,76,19
GHCND:UKM00003772,HEATHROW UK,20111206,72,24
GHCND:UKM00003772,HEATHROW UK,20111207,98,0
GHCND:UKM00003772,HEATHROW UK,20111208,132,27
GHCND:UKM00003772,HEATHROW UK,20111209,82,0
GHCND:UKM00003772,HEATHROW UK,20111210,63,-14
GHCND:UKM00003772,HEATHROW UK,20111211,92,11
GHCND:UKM00003772,HEATHROW UK,20111212,0,24
GHCND:UKM00003772,HEATHROW UK,20111214,66,39
GHCND:UKM00003772,HEATHROW UK,20111215,84,0
GHCND:UKM00003772,HEATHROW UK,20111216,50,0
GHCND:UKM00003772,HEATHROW UK,20111217,61,-16
GHCND:UKM00003772,HEATHROW UK,20111218,60,-3
GHCND:UKM00003772,HEATHROW UK,20111219,0,-20
GHCND:UKM00003772,HEATHROW UK,20111220,83,46
GHCND:UKM00003772,HEATHROW UK,20111221,131,58
GHCND:UKM00003772,HEATHROW UK,20111222,126,79
GHCND:UKM00003772,HEATHROW UK,20111223,116,0
GHCND:UKM00003772,HEATHROW UK,20111225,0,70
GHCND:UKM00003772,HEATHROW UK,20111226,130,0
GHCND:UKM00003772,HEATHROW UK,20111228,111,0
GHCND:UKM00003772,HEATHROW UK,20111229,102,44
GHCND:UKM00003772,HEATHROW UK,20111231,0,68
GHCND:UKM00003772,HEATHROW UK,20120101,130,0
GHCND:UKM00003772,HEATHROW UK,20120103,126,50
GHCND:UKM00003772,HEATHROW UK,20120104,0,45
GHCND:UKM00003772,HEATHROW UK,20120107,106,0
GHCND:UKM00003772,HEATHROW UK,20120108,102,0
GHCND:UKM00003772,HEATHROW UK,20120109,128,0
GHCND:UKM00003772,HEATHROW UK,20120110,114,88
GHCND:UKM00003772,HEATHROW UK,20120111,112,67
GHCND:UKM00003772,HEATHROW UK,20120112,136,0
GHCND:UKM00003772,HEATHROW UK,20120113,71,0
GHCND:UKM00003772,HEATHROW UK,20120114,65,-28
GHCND:UKM00003772,HEATHROW UK,20120115,67,0
GHCND:UKM00003772,HEATHROW UK,20120116,72,0
GHCND:UKM00003772,HEATHROW UK,20120117,57,-25
GHCND:UKM00003772,HEATHROW UK,20120118,124,0
GHCND:UKM00003772,HEATHROW UK,20120119,121,0
GHCND:UKM00003772,HEATHROW UK,20120120,0,40
GHCND:UKM00003772,HEATHROW UK,20120121,128,0
GHCND:UKM00003772,HEATHROW UK,20120122,120,54
GHCND:UKM00003772,HEATHROW UK,20120123,86,0
GHCND:UKM00003772,HEATHROW UK,20120124,101,-6
GHCND:UKM00003772,HEATHROW UK,20120125,102,0
GHCND:UKM00003772,HEATHROW UK,20120126,114,0
GHCND:UKM00003772,HEATHROW UK,20120127,93,0
GHCND:UKM00003772,HEATHROW UK,20120128,67,19
GHCND:UKM00003772,HEATHROW UK,20120129,0,13
GHCND:UKM00003772,HEATHROW UK,20120130,43,0
GHCND:UKM00003772,HEATHROW UK,20120131,23,0
GHCND:UKM00003772,HEATHROW UK,20120201,39,0
GHCND:UKM00003772,HEATHROW UK,20120202,20,0
GHCND:UKM00003772,HEATHROW UK,20120203,22,0
GHCND:UKM00003772,HEATHROW UK,20120205,24,-9
GHCND:UKM00003772,HEATHROW UK,20120206,0,10
GHCND:UKM00003772,HEATHROW UK,20120207,41,0
GHCND:UKM00003772,HEATHROW UK,20120208,0,-35
GHCND:UKM00003772,HEATHROW UK,20120209,18,0
GHCND:UKM00003772,HEATHROW UK,20120210,24,0
GHCND:UKM00003772,HEATHROW UK,20120211,24,0
GHCND:UKM00003772,HEATHROW UK,20120212,0,-68
GHCND:UKM00003772,HEATHROW UK,20120213,0,4
GHCND:UKM00003772,HEATHROW UK,20120215,112,62
GHCND:UKM00003772,HEATHROW UK,20120216,112,25
GHCND:UKM00003772,HEATHROW UK,20120217,122,51
GHCND:UKM00003772,HEATHROW UK,20120218,114,0
GHCND:UKM00003772,HEATHROW UK,20120219,73,0
GHCND:UKM00003772,HEATHROW UK,20120220,95,-31
GHCND:UKM00003772,HEATHROW UK,20120221,125,51
GHCND:UKM00003772,HEATHROW UK,20120223,0,91
GHCND:UKM00003772,HEATHROW UK,20120224,147,0
GHCND:UKM00003772,HEATHROW UK,20120225,122,0
GHCND:UKM00003772,HEATHROW UK,20120226,133,20
GHCND:UKM00003772,HEATHROW UK,20120227,115,56
GHCND:UKM00003772,HEATHROW UK,20120228,131,96
GHCND:UKM00003772,HEATHROW UK,20120229,130,85
GHCND:UKM00003772,HEATHROW UK,20120301,144,0
GHCND:UKM00003772,HEATHROW UK,20120302,117,32
GHCND:UKM00003772,HEATHROW UK,20120303,150,0
GHCND:UKM00003772,HEATHROW UK,20120304,94,0
GHCND:UKM00003772,HEATHROW UK,20120305,103,0
GHCND:UKM00003772,HEATHROW UK,20120306,89,0
GHCND:UKM00003772,HEATHROW UK,20120307,124,0
GHCND:UKM00003772,HEATHROW UK,20120308,121,0
GHCND:UKM00003772,HEATHROW UK,20120309,113,0
GHCND:UKM00003772,HEATHROW UK,20120310,158,0
GHCND:UKM00003772,HEATHROW UK,20120311,164,0
GHCND:UKM00003772,HEATHROW UK,20120312,149,0
GHCND:UKM00003772,HEATHROW UK,20120313,103,0
GHCND:UKM00003772,HEATHROW UK,20120314,135,0
GHCND:UKM00003772,HEATHROW UK,20120315,164,0
GHCND:UKM00003772,HEATHROW UK,20120317,111,0
GHCND:UKM00003772,HEATHROW UK,20120318,104,26
GHCND:UKM00003772,HEATHROW UK,20120319,140,0
GHCND:UKM00003772,HEATHROW UK,20120320,155,33
GHCND:UKM00003772,HEATHROW UK,20120321,165,0
GHCND:UKM00003772,HEATHROW UK,20120322,182,0
GHCND:UKM00003772,HEATHROW UK,20120324,201,0
GHCND:UKM00003772,HEATHROW UK,20120325,158,0
GHCND:UKM00003772,HEATHROW UK,20120326,189,0
GHCND:UKM00003772,HEATHROW UK,20120327,193,48
GHCND:UKM00003772,HEATHROW UK,20120328,228,41
GHCND:UKM00003772,HEATHROW UK,20120329,204,61
GHCND:UKM00003772,HEATHROW UK,20120330,0,67
GHCND:UKM00003772,HEATHROW UK,20120331,117,0
GHCND:UKM00003772,HEATHROW UK,20120401,137,18
GHCND:UKM00003772,HEATHROW UK,20120402,158,0
GHCND:UKM00003772,HEATHROW UK,20120403,151,34
GHCND:UKM00003772,HEATHROW UK,20120404,103,24
GHCND:UKM00003772,HEATHROW UK,20120405,93,0
GHCND:UKM00003772,HEATHROW UK,20120406,131,-9
GHCND:UKM00003772,HEATHROW UK,20120407,112,0
GHCND:UKM00003772,HEATHROW UK,20120408,142,66
GHCND:UKM00003772,HEATHROW UK,20120409,116,82
GHCND:UKM00003772,HEATHROW UK,20120410,148,0
GHCND:UKM00003772,HEATHROW UK,20120411,141,0
GHCND:UKM00003772,HEATHROW UK,20120412,132,25
GHCND:UKM00003772,HEATHROW UK,20120413,134,0
GHCND:UKM00003772,HEATHROW UK,20120414,123,0
GHCND:UKM00003772,HEATHROW UK,20120415,100,30
GHCND:UKM00003772,HEATHROW UK,20120416,123,5
GHCND:UKM00003772,HEATHROW UK,20120417,148,0
GHCND:UKM00003772,HEATHROW UK,20120418,124,54
GHCND:UKM00003772,HEATHROW UK,20120420,131,40
GHCND:UKM00003772,HEATHROW UK,20120421,148,29
GHCND:UKM00003772,HEATHROW UK,20120422,153,0
GHCND:UKM00003772,HEATHROW UK,20120423,106,0
GHCND:UKM00003772,HEATHROW UK,20120424,141,68
GHCND:UKM00003772,HEATHROW UK,20120425,127,0
GHCND:UKM00003772,HEATHROW UK,20120426,149,86
GHCND:UKM00003772,HEATHROW UK,20120427,158,0
GHCND:UKM00003772,HEATHROW UK,20120429,152,56
GHCND:UKM00003772,HEATHROW UK,20120430,192,84
GHCND:UKM00003772,HEATHROW UK,20120501,176,0
GHCND:UKM00003772,HEATHROW UK,20120503,94,0
GHCND:UKM00003772,HEATHROW UK,20120504,100,0
GHCND:UKM00003772,HEATHROW UK,20120505,103,57
GHCND:UKM00003772,HEATHROW UK,20120506,92,0
GHCND:UKM00003772,HEATHROW UK,20120508,181,0
GHCND:UKM00003772,HEATHROW UK,20120509,153,0
GHCND:UKM00003772,HEATHROW UK,20120510,171,0
GHCND:UKM00003772,HEATHROW UK,20120511,165,0
GHCND:UKM00003772,HEATHROW UK,20120512,157,46
GHCND:UKM00003772,HEATHROW UK,20120513,173,0
GHCND:UKM00003772,HEATHROW UK,20120514,125,0
GHCND:UKM00003772,HEATHROW UK,20120515,124,50
GHCND:UKM00003772,HEATHROW UK,20120516,149,0
GHCND:UKM00003772,HEATHROW UK,20120517,155,0
GHCND:UKM00003772,HEATHROW UK,20120518,162,0
GHCND:UKM00003772,HEATHROW UK,20120519,174,0
GHCND:UKM00003772,HEATHROW UK,20120520,0,87
GHCND:UKM00003772,HEATHROW UK,20120521,175,0
GHCND:UKM00003772,HEATHROW UK,20120522,257,117
GHCND:UKM00003772,HEATHROW UK,20120523,272,0
GHCND:UKM00003772,HEATHROW UK,20120524,270,160
GHCND:UKM00003772,HEATHROW UK,20120525,259,0
GHCND:UKM00003772,HEATHROW UK,20120526,259,143
GHCND:UKM00003772,HEATHROW UK,20120527,276,138
GHCND:UKM00003772,HEATHROW UK,20120528,263,136
GHCND:UKM00003772,HEATHROW UK,20120529,238,0
GHCND:UKM00003772,HEATHROW UK,20120530,254,128
GHCND:UKM00003772,HEATHROW UK,20120531,208,128
GHCND:UKM00003772,HEATHROW UK,20120601,214,128
GHCND:UKM00003772,HEATHROW UK,20120602,195,0
GHCND:UKM00003772,HEATHROW UK,20120604,149,0
GHCND:UKM00003772,HEATHROW UK,20120605,0,70
GHCND:UKM00003772,HEATHROW UK,20120606,188,117
GHCND:UKM00003772,HEATHROW UK,20120607,178,0
GHCND:UKM00003772,HEATHROW UK,20120608,163,0
GHCND:UKM00003772,HEATHROW UK,20120609,195,108
GHCND:UKM00003772,HEATHROW UK,20120610,173,79
GHCND:UKM00003772,HEATHROW UK,20120611,130,0
GHCND:UKM00003772,HEATHROW UK,20120612,141,0
GHCND:UKM00003772,HEATHROW UK,20120613,183,0
GHCND:UKM00003772,HEATHROW UK,20120614,186,0
GHCND:UKM00003772,HEATHROW UK,20120615,193,0
GHCND:UKM00003772,HEATHROW UK,20120616,193,0
GHCND:UKM00003772,HEATHROW UK,20120617,204,118
GHCND:UKM00003772,HEATHROW UK,20120618,195,110
GHCND:UKM00003772,HEATHROW UK,20120619,205,0
GHCND:UKM00003772,HEATHROW UK,20120620,227,0
GHCND:UKM00003772,HEATHROW UK,20120621,204,0
GHCND:UKM00003772,HEATHROW UK,20120622,187,0
GHCND:UKM00003772,HEATHROW UK,20120623,202,108
GHCND:UKM00003772,HEATHROW UK,20120624,209,116
GHCND:UKM00003772,HEATHROW UK,20120625,225,119
GHCND:UKM00003772,HEATHROW UK,20120626,223,138
GHCND:UKM00003772,HEATHROW UK,20120627,231,0
GHCND:UKM00003772,HEATHROW UK,20120628,276,0
GHCND:UKM00003772,HEATHROW UK,20120629,216,0
GHCND:UKM00003772,HEATHROW UK,20120630,216,0
GHCND:UKM00003772,HEATHROW UK,20120701,193,106
GHCND:UKM00003772,HEATHROW UK,20120702,0,124
GHCND:UKM00003772,HEATHROW UK,20120703,193,0
GHCND:UKM00003772,HEATHROW UK,20120704,222,157
GHCND:UKM00003772,HEATHROW UK,20120705,0,137
GHCND:UKM00003772,HEATHROW UK,20120706,190,0
GHCND:UKM00003772,HEATHROW UK,20120707,194,120
GHCND:UKM00003772,HEATHROW UK,20120708,220,0
GHCND:UKM00003772,HEATHROW UK,20120710,187,0
GHCND:UKM00003772,HEATHROW UK,20120711,202,118
GHCND:UKM00003772,HEATHROW UK,20120712,193,96
GHCND:UKM00003772,HEATHROW UK,20120713,201,130
GHCND:UKM00003772,HEATHROW UK,20120714,169,0
GHCND:UKM00003772,HEATHROW UK,20120715,188,0
GHCND:UKM00003772,HEATHROW UK,20120716,0,128
GHCND:UKM00003772,HEATHROW UK,20120717,238,137
GHCND:UKM00003772,HEATHROW UK,20120718,192,145
GHCND:UKM00003772,HEATHROW UK,20120719,203,131
GHCND:UKM00003772,HEATHROW UK,20120720,190,124
GHCND:UKM00003772,HEATHROW UK,20120721,207,117
GHCND:UKM00003772,HEATHROW UK,20120722,233,0
GHCND:UKM00003772,HEATHROW UK,20120723,274,126
GHCND:UKM00003772,HEATHROW UK,20120724,0,147
GHCND:UKM00003772,HEATHROW UK,20120725,302,164
GHCND:UKM00003772,HEATHROW UK,20120726,274,0
GHCND:UKM00003772,HEATHROW UK,20120727,248,0
GHCND:UKM00003772,HEATHROW UK,20120728,216,0
GHCND:UKM00003772,HEATHROW UK,20120729,189,110
GHCND:UKM00003772,HEATHROW UK,20120730,207,98
GHCND:UKM00003772,HEATHROW UK,20120731,208,108
GHCND:UKM00003772,HEATHROW UK,20120801,236,128
GHCND:UKM00003772,HEATHROW UK,20120802,228,150
GHCND:UKM00003772,HEATHROW UK,20120803,230,0
GHCND:UKM00003772,HEATHROW UK,20120804,213,0
GHCND:UKM00003772,HEATHROW UK,20120805,215,0
GHCND:UKM00003772,HEATHROW UK,20120806,223,147
GHCND:UKM00003772,HEATHROW UK,20120807,203,110
GHCND:UKM00003772,HEATHROW UK,20120808,237,147
GHCND:UKM00003772,HEATHROW UK,20120809,263,0
GHCND:UKM00003772,HEATHROW UK,20120810,0,148
GHCND:UKM00003772,HEATHROW UK,20120811,241,147
GHCND:UKM00003772,HEATHROW UK,20120812,269,153
GHCND:UKM00003772,HEATHROW UK,20120813,238,146
GHCND:UKM00003772,HEATHROW UK,20120814,251,0
GHCND:UKM00003772,HEATHROW UK,20120815,230,0
GHCND:UKM00003772,HEATHROW UK,20120816,229,159
GHCND:UKM00003772,HEATHROW UK,20120817,285,179
GHCND:UKM00003772,HEATHROW UK,20120818,303,184
GHCND:UKM00003772,HEATHROW UK,20120819,305,0
GHCND:UKM00003772,HEATHROW UK,20120820,255,168
GHCND:UKM00003772,HEATHROW UK,20120821,222,0
GHCND:UKM00003772,HEATHROW UK,20120822,234,129
GHCND:UKM00003772,HEATHROW UK,20120823,224,126
GHCND:UKM00003772,HEATHROW UK,20120824,208,137
GHCND:UKM00003772,HEATHROW UK,20120825,225,0
GHCND:UKM00003772,HEATHROW UK,20120826,215,0
GHCND:UKM00003772,HEATHROW UK,20120827,226,0
GHCND:UKM00003772,HEATHROW UK,20120828,242,139
GHCND:UKM00003772,HEATHROW UK,20120829,210,0
GHCND:UKM00003772,HEATHROW UK,20120831,188,59
GHCND:UKM00003772,HEATHROW UK,20120901,228,0
GHCND:UKM00003772,HEATHROW UK,20120903,0,142
GHCND:UKM00003772,HEATHROW UK,20120904,251,138
GHCND:UKM00003772,HEATHROW UK,20120907,264,106
GHCND:UKM00003772,HEATHROW UK,20120908,273,95
GHCND:UKM00003772,HEATHROW UK,20120909,283,0
GHCND:UKM00003772,HEATHROW UK,20120910,215,0
GHCND:UKM00003772,HEATHROW UK,20120911,190,0
GHCND:UKM00003772,HEATHROW UK,20120912,190,70
GHCND:UKM00003772,HEATHROW UK,20120913,192,69
GHCND:UKM00003772,HEATHROW UK,20120915,229,83
GHCND:UKM00003772,HEATHROW UK,20120917,195,0
GHCND:UKM00003772,HEATHROW UK,20120918,181,0
GHCND:UKM00003772,HEATHROW UK,20120919,178,63
GHCND:UKM00003772,HEATHROW UK,20120920,0,87
GHCND:UKM00003772,HEATHROW UK,20120922,168,0
GHCND:UKM00003772,HEATHROW UK,20120923,120,0
GHCND:UKM00003772,HEATHROW UK,20120924,160,0
GHCND:UKM00003772,HEATHROW UK,20120925,171,95
GHCND:UKM00003772,HEATHROW UK,20120926,160,97
GHCND:UKM00003772,HEATHROW UK,20120927,175,0
GHCND:UKM00003772,HEATHROW UK,20120928,181,0
GHCND:UKM00003772,HEATHROW UK,20120929,167,0
GHCND:UKM00003772,HEATHROW UK,20120930,181,0
GHCND:UKM00003772,HEATHROW UK,20121001,173,0
GHCND:UKM00003772,HEATHROW UK,20121002,0,109
GHCND:UKM00003772,HEATHROW UK,20121003,151,0
GHCND:UKM00003772,HEATHROW UK,20121004,164,0
GHCND:UKM00003772,HEATHROW UK,20121006,153,0
GHCND:UKM00003772,HEATHROW UK,20121007,138,0
GHCND:UKM00003772,HEATHROW UK,20121008,0,87
GHCND:UKM00003772,HEATHROW UK,20121009,143,87
GHCND:UKM00003772,HEATHROW UK,20121010,154,0
GHCND:UKM00003772,HEATHROW UK,20121012,148,0
GHCND:UKM00003772,HEATHROW UK,20121013,135,0
GHCND:UKM00003772,HEATHROW UK,20121014,129,0
GHCND:UKM00003772,HEATHROW UK,20121015,142,29
GHCND:UKM00003772,HEATHROW UK,20121016,159,0
GHCND:UKM00003772,HEATHROW UK,20121017,175,78
GHCND:UKM00003772,HEATHROW UK,20121018,170,0
GHCND:UKM00003772,HEATHROW UK,20121019,136,0
GHCND:UKM00003772,HEATHROW UK,20121020,141,0
GHCND:UKM00003772,HEATHROW UK,20121021,126,0
GHCND:UKM00003772,HEATHROW UK,20121022,0,114
GHCND:UKM00003772,HEATHROW UK,20121024,169,129
GHCND:UKM00003772,HEATHROW UK,20121027,91,0
GHCND:UKM00003772,HEATHROW UK,20121028,0,2
GHCND:UKM00003772,HEATHROW UK,20121029,133,0
GHCND:UKM00003772,HEATHROW UK,20121030,111,0
GHCND:UKM00003772,HEATHROW UK,20121031,132,0
GHCND:UKM00003772,HEATHROW UK,20121102,113,38
GHCND:UKM00003772,HEATHROW UK,20121103,103,22
GHCND:UKM00003772,HEATHROW UK,20121104,0,19
GHCND:UKM00003772,HEATHROW UK,20121105,102,0
GHCND:UKM00003772,HEATHROW UK,20121106,101,0
GHCND:UKM00003772,HEATHROW UK,20121107,109,44
GHCND:UKM00003772,HEATHROW UK,20121108,131,72
GHCND:UKM00003772,HEATHROW UK,20121109,115,78
GHCND:UKM00003772,HEATHROW UK,20121110,102,0
GHCND:UKM00003772,HEATHROW UK,20121111,107,0
GHCND:UKM00003772,HEATHROW UK,20121113,155,98
GHCND:UKM00003772,HEATHROW UK,20121114,142,0
GHCND:UKM00003772,HEATHROW UK,20121115,101,40
GHCND:UKM00003772,HEATHROW UK,20121116,0,56
GHCND:UKM00003772,HEATHROW UK,20121117,126,0
GHCND:UKM00003772,HEATHROW UK,20121118,99,12
GHCND:UKM00003772,HEATHROW UK,20121119,115,0
GHCND:UKM00003772,HEATHROW UK,20121120,134,106
GHCND:UKM00003772,HEATHROW UK,20121122,133,63
GHCND:UKM00003772,HEATHROW UK,20121128,72,0
GHCND:UKM00003772,HEATHROW UK,20121129,65,0
GHCND:UKM00003772,HEATHROW UK,20121130,0,-16
GHCND:UKM00003772,HEATHROW UK,20121201,62,-13
GHCND:UKM00003772,HEATHROW UK,20121202,56,-21
GHCND:UKM00003772,HEATHROW UK,20121203,0,26
GHCND:UKM00003772,HEATHROW UK,20121204,81,0
GHCND:UKM00003772,HEATHROW UK,20121205,41,-20
GHCND:UKM00003772,HEATHROW UK,20121206,0,-41
GHCND:UKM00003772,HEATHROW UK,20121207,0,17
GHCND:UKM00003772,HEATHROW UK,20121208,69,0
GHCND:UKM00003772,HEATHROW UK,20121209,92,29
GHCND:UKM00003772,HEATHROW UK,20121211,26,0
GHCND:UKM00003772,HEATHROW UK,20121212,3,-41
GHCND:UKM00003772,HEATHROW UK,20121213,16,0
GHCND:UKM00003772,HEATHROW UK,20121214,110,8
GHCND:UKM00003772,HEATHROW UK,20121215,117,0
GHCND:UKM00003772,HEATHROW UK,20121216,109,35
GHCND:UKM00003772,HEATHROW UK,20121217,93,50
GHCND:UKM00003772,HEATHROW UK,20121218,81,0
GHCND:UKM00003772,HEATHROW UK,20121219,75,0
GHCND:UKM00003772,HEATHROW UK,20121220,102,62
GHCND:UKM00003772,HEATHROW UK,20121221,100,0
GHCND:UKM00003772,HEATHROW UK,20121222,138,0
GHCND:UKM00003772,HEATHROW UK,20121224,125,75
GHCND:UKM00003772,HEATHROW UK,20121225,94,0
GHCND:UKM00003772,HEATHROW UK,20121226,106,32
GHCND:UKM00003772,HEATHROW UK,20121227,84,0
GHCND:UKM00003772,HEATHROW UK,20121228,124,0
GHCND:UKM00003772,HEATHROW UK,20121230,0,49
GHCND:UKM00003772,HEATHROW UK,20121231,113,89
GHCND:UKM00003772,HEATHROW UK,20130102,0,20
GHCND:UKM00003772,HEATHROW UK,20130103,0,85
GHCND:UKM00003772,HEATHROW UK,20130108,115,82
GHCND:UKM00003772,HEATHROW UK,20130110,0,-7
GHCND:UKM00003772,HEATHROW UK,20130111,74,7
GHCND:UKM00003772,HEATHROW UK,20130112,0,4
GHCND:UKM00003772,HEATHROW UK,20130114,0,-3
GHCND:UKM00003772,HEATHROW UK,20130115,27,0
GHCND:UKM00003772,HEATHROW UK,20130116,3,0
GHCND:UKM00003772,HEATHROW UK,20130117,26,-42
GHCND:UKM00003772,HEATHROW UK,20130119,10,-14
GHCND:UKM00003772,HEATHROW UK,20130121,20,0
GHCND:UKM00003772,HEATHROW UK,20130122,31,0
GHCND:UKM00003772,HEATHROW UK,20130124,23,0
GHCND:UKM00003772,HEATHROW UK,20130125,0,-5
GHCND:UKM00003772,HEATHROW UK,20130126,81,10
GHCND:UKM00003772,HEATHROW UK,20130127,107,0
GHCND:UKM00003772,HEATHROW UK,20130129,0,90
GHCND:UKM00003772,HEATHROW UK,20130131,102,66
GHCND:UKM00003772,HEATHROW UK,20130202,57,0
GHCND:UKM00003772,HEATHROW UK,20130203,0,-13
GHCND:UKM00003772,HEATHROW UK,20130204,110,0
GHCND:UKM00003772,HEATHROW UK,20130206,60,0
GHCND:UKM00003772,HEATHROW UK,20130207,57,0
GHCND:UKM00003772,HEATHROW UK,20130208,61,1
GHCND:UKM00003772,HEATHROW UK,20130209,0,13
GHCND:UKM00003772,HEATHROW UK,20130210,53,0
GHCND:UKM00003772,HEATHROW UK,20130211,20,0
GHCND:UKM00003772,HEATHROW UK,20130212,23,9
GHCND:UKM00003772,HEATHROW UK,20130213,0,6
GHCND:UKM00003772,HEATHROW UK,20130214,121,8
GHCND:UKM00003772,HEATHROW UK,20130215,107,0
GHCND:UKM00003772,HEATHROW UK,20130216,102,35
GHCND:UKM00003772,HEATHROW UK,20130217,104,0
GHCND:UKM00003772,HEATHROW UK,20130218,91,0
GHCND:UKM00003772,HEATHROW UK,20130219,111,-15
GHCND:UKM00003772,HEATHROW UK,20130220,54,11
GHCND:UKM00003772,HEATHROW UK,20130221,23,5
GHCND:UKM00003772,HEATHROW UK,20130222,25,0
GHCND:UKM00003772,HEATHROW UK,20130223,25,0
GHCND:UKM00003772,HEATHROW UK,20130224,23,0
GHCND:UKM00003772,HEATHROW UK,20130225,43,0
GHCND:UKM00003772,HEATHROW UK,20130226,50,24
GHCND:UKM00003772,HEATHROW UK,20130227,66,0
GHCND:UKM00003772,HEATHROW UK,20130228,91,0
GHCND:UKM00003772,HEATHROW UK,20130301,71,0
GHCND:UKM00003772,HEATHROW UK,20130302,57,0
GHCND:UKM00003772,HEATHROW UK,20130303,88,-28
GHCND:UKM00003772,HEATHROW UK,20130304,97,8
GHCND:UKM00003772,HEATHROW UK,20130305,161,1
GHCND:UKM00003772,HEATHROW UK,20130306,138,67
GHCND:UKM00003772,HEATHROW UK,20130307,103,0
GHCND:UKM00003772,HEATHROW UK,20130308,104,0
GHCND:UKM00003772,HEATHROW UK,20130310,42,0
GHCND:UKM00003772,HEATHROW UK,20130312,50,-23
GHCND:UKM00003772,HEATHROW UK,20130313,76,0
GHCND:UKM00003772,HEATHROW UK,20130314,78,0
GHCND:UKM00003772,HEATHROW UK,20130315,94,27
GHCND:UKM00003772,HEATHROW UK,20130316,94,0
GHCND:UKM00003772,HEATHROW UK,20130317,75,0
GHCND:UKM00003772,HEATHROW UK,20130318,81,-13
GHCND:UKM00003772,HEATHROW UK,20130319,86,0
GHCND:UKM00003772,HEATHROW UK,20130320,70,16
GHCND:UKM00003772,HEATHROW UK,20130321,71,0
GHCND:UKM00003772,HEATHROW UK,20130322,56,0
GHCND:UKM00003772,HEATHROW UK,20130325,15,4
GHCND:UKM00003772,HEATHROW UK,20130326,0,5
GHCND:UKM00003772,HEATHROW UK,20130327,0,-7
GHCND:UKM00003772,HEATHROW UK,20130328,52,0
GHCND:UKM00003772,HEATHROW UK,20130329,74,-20
GHCND:UKM00003772,HEATHROW UK,20130330,58,0
GHCND:UKM00003772,HEATHROW UK,20130331,0,-23
GHCND:UKM00003772,HEATHROW UK,20130401,0,7
GHCND:UKM00003772,HEATHROW UK,20130402,86,-4
GHCND:UKM00003772,HEATHROW UK,20130403,60,-4
GHCND:UKM00003772,HEATHROW UK,20130404,33,6
GHCND:UKM00003772,HEATHROW UK,20130405,85,15
GHCND:UKM00003772,HEATHROW UK,20130406,107,0
GHCND:UKM00003772,HEATHROW UK,20130407,104,-12
GHCND:UKM00003772,HEATHROW UK,20130408,112,0
GHCND:UKM00003772,HEATHROW UK,20130409,97,0
GHCND:UKM00003772,HEATHROW UK,20130410,111,0
GHCND:UKM00003772,HEATHROW UK,20130411,134,59
GHCND:UKM00003772,HEATHROW UK,20130412,132,0
GHCND:UKM00003772,HEATHROW UK,20130413,119,42
GHCND:UKM00003772,HEATHROW UK,20130414,199,109
GHCND:UKM00003772,HEATHROW UK,20130415,157,0
GHCND:UKM00003772,HEATHROW UK,20130416,171,0
GHCND:UKM00003772,HEATHROW UK,20130417,188,87
GHCND:UKM00003772,HEATHROW UK,20130418,154,0
GHCND:UKM00003772,HEATHROW UK,20130419,136,0
GHCND:UKM00003772,HEATHROW UK,20130420,140,28
GHCND:UKM00003772,HEATHROW UK,20130421,148,0
GHCND:UKM00003772,HEATHROW UK,20130422,155,65
GHCND:UKM00003772,HEATHROW UK,20130423,207,0
GHCND:UKM00003772,HEATHROW UK,20130424,203,85
GHCND:UKM00003772,HEATHROW UK,20130425,228,99
GHCND:UKM00003772,HEATHROW UK,20130426,134,0
GHCND:UKM00003772,HEATHROW UK,20130427,114,29
GHCND:UKM00003772,HEATHROW UK,20130428,121,5
GHCND:UKM00003772,HEATHROW UK,20130429,148,0
GHCND:UKM00003772,HEATHROW UK,20130430,147,42
GHCND:UKM00003772,HEATHROW UK,20130501,165,38
GHCND:UKM00003772,HEATHROW UK,20130502,176,50
GHCND:UKM00003772,HEATHROW UK,20130503,194,47
GHCND:UKM00003772,HEATHROW UK,20130504,172,77
GHCND:UKM00003772,HEATHROW UK,20130505,0,67
GHCND:UKM00003772,HEATHROW UK,20130506,220,108
GHCND:UKM00003772,HEATHROW UK,20130507,226,0
GHCND:UKM00003772,HEATHROW UK,20130509,0,69
GHCND:UKM00003772,HEATHROW UK,20130510,183,0
GHCND:UKM00003772,HEATHROW UK,20130511,141,0
GHCND:UKM00003772,HEATHROW UK,20130512,154,50
GHCND:UKM00003772,HEATHROW UK,20130513,158,0
GHCND:UKM00003772,HEATHROW UK,20130514,123,0
GHCND:UKM00003772,HEATHROW UK,20130515,144,0
GHCND:UKM00003772,HEATHROW UK,20130516,169,34
GHCND:UKM00003772,HEATHROW UK,20130517,126,67
GHCND:UKM00003772,HEATHROW UK,20130518,160,0
GHCND:UKM00003772,HEATHROW UK,20130519,0,86
GHCND:UKM00003772,HEATHROW UK,20130520,173,109
GHCND:UKM00003772,HEATHROW UK,20130522,150,0
GHCND:UKM00003772,HEATHROW UK,20130523,117,57
GHCND:UKM00003772,HEATHROW UK,20130524,99,0
GHCND:UKM00003772,HEATHROW UK,20130525,162,0
GHCND:UKM00003772,HEATHROW UK,20130526,198,0
GHCND:UKM00003772,HEATHROW UK,20130527,182,0
GHCND:UKM00003772,HEATHROW UK,20130528,120,0
GHCND:UKM00003772,HEATHROW UK,20130529,132,0
GHCND:UKM00003772,HEATHROW UK,20130530,152,110
GHCND:UKM00003772,HEATHROW UK,20130531,219,0
GHCND:UKM00003772,HEATHROW UK,20130601,188,100
GHCND:UKM00003772,HEATHROW UK,20130602,187,82
GHCND:UKM00003772,HEATHROW UK,20130603,193,0
GHCND:UKM00003772,HEATHROW UK,20130604,212,74
GHCND:UKM00003772,HEATHROW UK,20130605,215,0
GHCND:UKM00003772,HEATHROW UK,20130606,229,0
GHCND:UKM00003772,HEATHROW UK,20130607,206,96
GHCND:UKM00003772,HEATHROW UK,20130608,186,89
GHCND:UKM00003772,HEATHROW UK,20130609,153,0
GHCND:UKM00003772,HEATHROW UK,20130610,161,0
GHCND:UKM00003772,HEATHROW UK,20130611,181,85
GHCND:UKM00003772,HEATHROW UK,20130612,178,137
GHCND:UKM00003772,HEATHROW UK,20130613,193,0
GHCND:UKM00003772,HEATHROW UK,20130615,183,107
GHCND:UKM00003772,HEATHROW UK,20130616,182,115
GHCND:UKM00003772,HEATHROW UK,20130617,213,0
GHCND:UKM00003772,HEATHROW UK,20130618,0,135
GHCND:UKM00003772,HEATHROW UK,20130619,261,153
GHCND:UKM00003772,HEATHROW UK,20130620,213,0
GHCND:UKM00003772,HEATHROW UK,20130621,237,139
GHCND:UKM00003772,HEATHROW UK,20130622,194,118
GHCND:UKM00003772,HEATHROW UK,20130623,186,0
GHCND:UKM00003772,HEATHROW UK,20130624,0,100
GHCND:UKM00003772,HEATHROW UK,20130625,211,108
GHCND:UKM00003772,HEATHROW UK,20130626,225,0
GHCND:UKM00003772,HEATHROW UK,20130627,207,119
GHCND:UKM00003772,HEATHROW UK,20130629,222,0
GHCND:UKM00003772,HEATHROW UK,20130630,272,0
GHCND:UKM00003772,HEATHROW UK,20130701,213,0
GHCND:UKM00003772,HEATHROW UK,20130702,179,0
GHCND:UKM00003772,HEATHROW UK,20130703,215,0
GHCND:UKM00003772,HEATHROW UK,20130704,249,0
GHCND:UKM00003772,HEATHROW UK,20130705,263,0
GHCND:UKM00003772,HEATHROW UK,20130706,281,140
GHCND:UKM00003772,HEATHROW UK,20130707,295,0
GHCND:UKM00003772,HEATHROW UK,20130709,272,0
GHCND:UKM00003772,HEATHROW UK,20130710,246,0
GHCND:UKM00003772,HEATHROW UK,20130711,234,118
GHCND:UKM00003772,HEATHROW UK,20130712,259,0
GHCND:UKM00003772,HEATHROW UK,20130713,314,0
GHCND:UKM00003772,HEATHROW UK,20130714,298,0
GHCND:UKM00003772,HEATHROW UK,20130715,309,0
GHCND:UKM00003772,HEATHROW UK,20130716,310,0
GHCND:UKM00003772,HEATHROW UK,20130718,295,0
GHCND:UKM00003772,HEATHROW UK,20130719,293,159
GHCND:UKM00003772,HEATHROW UK,20130720,246,0
GHCND:UKM00003772,HEATHROW UK,20130721,275,169
GHCND:UKM00003772,HEATHROW UK,20130722,335,172
GHCND:UKM00003772,HEATHROW UK,20130724,277,0
GHCND:UKM00003772,HEATHROW UK,20130725,269,0
GHCND:UKM00003772,HEATHROW UK,20130728,249,147
GHCND:UKM00003772,HEATHROW UK,20130729,247,158
GHCND:UKM00003772,HEATHROW UK,20130730,223,0
GHCND:UKM00003772,HEATHROW UK,20130731,244,167
GHCND:UKM00003772,HEATHROW UK,20130801,341,165
GHCND:UKM00003772,HEATHROW UK,20130802,264,0
GHCND:UKM00003772,HEATHROW UK,20130804,245,0
GHCND:UKM00003772,HEATHROW UK,20130805,238,0
GHCND:UKM00003772,HEATHROW UK,20130806,227,119
GHCND:UKM00003772,HEATHROW UK,20130807,231,147
GHCND:UKM00003772,HEATHROW UK,20130808,255,122
GHCND:UKM00003772,HEATHROW UK,20130809,249,155
GHCND:UKM00003772,HEATHROW UK,20130810,230,0
GHCND:UKM00003772,HEATHROW UK,20130811,240,0
GHCND:UKM00003772,HEATHROW UK,20130812,228,0
GHCND:UKM00003772,HEATHROW UK,20130813,215,103
GHCND:UKM00003772,HEATHROW UK,20130814,234,112
GHCND:UKM00003772,HEATHROW UK,20130815,242,161
GHCND:UKM00003772,HEATHROW UK,20130816,236,168
GHCND:UKM00003772,HEATHROW UK,20130817,209,139
GHCND:UKM00003772,HEATHROW UK,20130818,239,0
GHCND:UKM00003772,HEATHROW UK,20130819,235,117
GHCND:UKM00003772,HEATHROW UK,20130820,249,118
GHCND:UKM00003772,HEATHROW UK,20130821,281,127
GHCND:UKM00003772,HEATHROW UK,20130825,247,129
GHCND:UKM00003772,HEATHROW UK,20130826,259,149
GHCND:UKM00003772,HEATHROW UK,20130827,236,119
GHCND:UKM00003772,HEATHROW UK,20130828,247,0
GHCND:UKM00003772,HEATHROW UK,20130829,247,142
GHCND:UKM00003772,HEATHROW UK,20130830,254,0
GHCND:UKM00003772,HEATHROW UK,20130831,214,0
GHCND:UKM00003772,HEATHROW UK,20130901,223,92
GHCND:UKM00003772,HEATHROW UK,20130902,262,114
GHCND:UKM00003772,HEATHROW UK,20130903,260,0
GHCND:UKM00003772,HEATHROW UK,20130904,285,0
GHCND:UKM00003772,HEATHROW UK,20130905,295,144
GHCND:UKM00003772,HEATHROW UK,20130906,181,0
GHCND:UKM00003772,HEATHROW UK,20130907,195,109
GHCND:UKM00003772,HEATHROW UK,20130908,185,80
GHCND:UKM00003772,HEATHROW UK,20130909,0,90
GHCND:UKM00003772,HEATHROW UK,20130910,172,90
GHCND:UKM00003772,HEATHROW UK,20130911,0,119
GHCND:UKM00003772,HEATHROW UK,20130912,205,125
GHCND:UKM00003772,HEATHROW UK,20130913,196,0
GHCND:UKM00003772,HEATHROW UK,20130914,142,0
GHCND:UKM00003772,HEATHROW UK,20130915,0,66
GHCND:UKM00003772,HEATHROW UK,20130916,152,79
GHCND:UKM00003772,HEATHROW UK,20130917,0,80
GHCND:UKM00003772,HEATHROW UK,20130918,163,0
GHCND:UKM00003772,HEATHROW UK,20130919,0,70
GHCND:UKM00003772,HEATHROW UK,20130920,192,87
GHCND:UKM00003772,HEATHROW UK,20130921,0,98
GHCND:UKM00003772,HEATHROW UK,20130924,222,100
GHCND:UKM00003772,HEATHROW UK,20130925,0,128
GHCND:UKM00003772,HEATHROW UK,20130926,202,0
GHCND:UKM00003772,HEATHROW UK,20130927,187,0
GHCND:UKM00003772,HEATHROW UK,20130928,202,118
GHCND:UKM00003772,HEATHROW UK,20130929,191,0
GHCND:UKM00003772,HEATHROW UK,20130930,191,0
GHCND:UKM00003772,HEATHROW UK,20131001,175,0
GHCND:UKM00003772,HEATHROW UK,20131002,220,0
GHCND:UKM00003772,HEATHROW UK,20131003,192,138
GHCND:UKM00003772,HEATHROW UK,20131004,220,0
GHCND:UKM00003772,HEATHROW UK,20131005,194,0
GHCND:UKM00003772,HEATHROW UK,20131006,198,0
GHCND:UKM00003772,HEATHROW UK,20131007,203,0
GHCND:UKM00003772,HEATHROW UK,20131008,210,0
GHCND:UKM00003772,HEATHROW UK,20131010,121,0
GHCND:UKM00003772,HEATHROW UK,20131012,141,0
GHCND:UKM00003772,HEATHROW UK,20131014,0,87
GHCND:UKM00003772,HEATHROW UK,20131015,139,0
GHCND:UKM00003772,HEATHROW UK,20131017,187,0
GHCND:UKM00003772,HEATHROW UK,20131018,0,106
GHCND:UKM00003772,HEATHROW UK,20131019,185,0
GHCND:UKM00003772,HEATHROW UK,20131020,174,0
GHCND:UKM00003772,HEATHROW UK,20131021,182,124
GHCND:UKM00003772,HEATHROW UK,20131022,184,0
GHCND:UKM00003772,HEATHROW UK,20131023,178,0
GHCND:UKM00003772,HEATHROW UK,20131024,177,0
GHCND:UKM00003772,HEATHROW UK,20131025,188,127
GHCND:UKM00003772,HEATHROW UK,20131026,177,0
GHCND:UKM00003772,HEATHROW UK,20131027,169,0
GHCND:UKM00003772,HEATHROW UK,20131029,131,0
GHCND:UKM00003772,HEATHROW UK,20131030,145,37
GHCND:UKM00003772,HEATHROW UK,20131031,0,119
GHCND:UKM00003772,HEATHROW UK,20131101,150,0
GHCND:UKM00003772,HEATHROW UK,20131102,158,0
GHCND:UKM00003772,HEATHROW UK,20131103,126,74
GHCND:UKM00003772,HEATHROW UK,20131105,130,0
GHCND:UKM00003772,HEATHROW UK,20131108,114,0
GHCND:UKM00003772,HEATHROW UK,20131109,82,39
GHCND:UKM00003772,HEATHROW UK,20131110,102,0
GHCND:UKM00003772,HEATHROW UK,20131111,0,16
GHCND:UKM00003772,HEATHROW UK,20131115,100,0
GHCND:UKM00003772,HEATHROW UK,20131116,100,0
GHCND:UKM00003772,HEATHROW UK,20131118,96,0
GHCND:UKM00003772,HEATHROW UK,20131120,76,-29
GHCND:UKM00003772,HEATHROW UK,20131121,83,33
GHCND:UKM00003772,HEATHROW UK,20131122,82,0
GHCND:UKM00003772,HEATHROW UK,20131123,81,0
GHCND:UKM00003772,HEATHROW UK,20131124,82,0
GHCND:UKM00003772,HEATHROW UK,20131125,75,40
GHCND:UKM00003772,HEATHROW UK,20131126,82,0
GHCND:UKM00003772,HEATHROW UK,20131127,0,58
GHCND:UKM00003772,HEATHROW UK,20131128,103,0
GHCND:UKM00003772,HEATHROW UK,20131129,104,0
GHCND:UKM00003772,HEATHROW UK,20131130,90,0
GHCND:UKM00003772,HEATHROW UK,20131201,0,8
GHCND:UKM00003772,HEATHROW UK,20131205,106,-5
GHCND:UKM00003772,HEATHROW UK,20131206,88,14
GHCND:UKM00003772,HEATHROW UK,20131207,94,55
GHCND:UKM00003772,HEATHROW UK,20131208,120,40
GHCND:UKM00003772,HEATHROW UK,20131209,113,0
GHCND:UKM00003772,HEATHROW UK,20131211,0,7
GHCND:UKM00003772,HEATHROW UK,20131212,95,-15
GHCND:UKM00003772,HEATHROW UK,20131213,126,74
GHCND:UKM00003772,HEATHROW UK,20131214,118,35
GHCND:UKM00003772,HEATHROW UK,20131216,133,0
GHCND:UKM00003772,HEATHROW UK,20131217,0,46
GHCND:UKM00003772,HEATHROW UK,20131218,108,49
GHCND:UKM00003772,HEATHROW UK,20131222,101,0
GHCND:UKM00003772,HEATHROW UK,20131223,0,44
GHCND:UKM00003772,HEATHROW UK,20131225,70,0
GHCND:UKM00003772,HEATHROW UK,20131227,0,44
GHCND:UKM00003772,HEATHROW UK,20131229,0,-3
GHCND:UKM00003772,HEATHROW UK,20140101,0,56
GHCND:UKM00003772,HEATHROW UK,20140102,111,63
GHCND:UKM00003772,HEATHROW UK,20140104,95,0
GHCND:UKM00003772,HEATHROW UK,20140105,0,7
GHCND:UKM00003772,HEATHROW UK,20140106,0,84
GHCND:UKM00003772,HEATHROW UK,20140108,0,67
GHCND:UKM00003772,HEATHROW UK,20140110,109,23
GHCND:UKM00003772,HEATHROW UK,20140111,92,0
GHCND:UKM00003772,HEATHROW UK,20140113,97,0
GHCND:UKM00003772,HEATHROW UK,20140114,72,0
GHCND:UKM00003772,HEATHROW UK,20140115,113,51
GHCND:UKM00003772,HEATHROW UK,20140116,106,0
GHCND:UKM00003772,HEATHROW UK,20140117,92,0
GHCND:UKM00003772,HEATHROW UK,20140118,107,61
GHCND:UKM00003772,HEATHROW UK,20140120,0,6
GHCND:UKM00003772,HEATHROW UK,20140121,87,10
GHCND:UKM00003772,HEATHROW UK,20140122,107,59
GHCND:UKM00003772,HEATHROW UK,20140123,0,22
GHCND:UKM00003772,HEATHROW UK,20140124,82,17
GHCND:UKM00003772,HEATHROW UK,20140125,123,0
GHCND:UKM00003772,HEATHROW UK,20140127,0,20
GHCND:UKM00003772,HEATHROW UK,20140128,101,45
GHCND:UKM00003772,HEATHROW UK,20140130,60,0
GHCND:UKM00003772,HEATHROW UK,20140202,102,0
GHCND:UKM00003772,HEATHROW UK,20140203,88,34
GHCND:UKM00003772,HEATHROW UK,20140204,94,0
GHCND:UKM00003772,HEATHROW UK,20140205,101,55
GHCND:UKM00003772,HEATHROW UK,20140208,98,69
GHCND:UKM00003772,HEATHROW UK,20140211,87,20
GHCND:UKM00003772,HEATHROW UK,20140212,93,26
GHCND:UKM00003772,HEATHROW UK,20140213,86,38
GHCND:UKM00003772,HEATHROW UK,20140215,110,0
GHCND:UKM00003772,HEATHROW UK,20140216,107,0
GHCND:UKM00003772,HEATHROW UK,20140217,0,27
GHCND:UKM00003772,HEATHROW UK,20140218,111,0
GHCND:UKM00003772,HEATHROW UK,20140220,135,0
GHCND:UKM00003772,HEATHROW UK,20140221,109,0
GHCND:UKM00003772,HEATHROW UK,20140222,0,46
GHCND:UKM00003772,HEATHROW UK,20140223,125,75
GHCND:UKM00003772,HEATHROW UK,20140224,149,68
GHCND:UKM00003772,HEATHROW UK,20140226,0,29
GHCND:UKM00003772,HEATHROW UK,20140227,120,0
GHCND:UKM00003772,HEATHROW UK,20140228,84,18
GHCND:UKM00003772,HEATHROW UK,20140301,101,10
GHCND:UKM00003772,HEATHROW UK,20140302,104,0
GHCND:UKM00003772,HEATHROW UK,20140304,110,0
GHCND:UKM00003772,HEATHROW UK,20140305,132,2
GHCND:UKM00003772,HEATHROW UK,20140306,135,50
GHCND:UKM00003772,HEATHROW UK,20140307,167,66
GHCND:UKM00003772,HEATHROW UK,20140309,192,58
GHCND:UKM00003772,HEATHROW UK,20140310,0,42
GHCND:UKM00003772,HEATHROW UK,20140312,163,0
GHCND:UKM00003772,HEATHROW UK,20140313,187,0
GHCND:UKM00003772,HEATHROW UK,20140314,170,0
GHCND:UKM00003772,HEATHROW UK,20140315,182,69
GHCND:UKM00003772,HEATHROW UK,20140316,0,70
GHCND:UKM00003772,HEATHROW UK,20140317,140,55
GHCND:UKM00003772,HEATHROW UK,20140318,142,67
GHCND:UKM00003772,HEATHROW UK,20140320,0,69
GHCND:UKM00003772,HEATHROW UK,20140321,130,0
GHCND:UKM00003772,HEATHROW UK,20140322,118,0
GHCND:UKM00003772,HEATHROW UK,20140323,0,15
GHCND:UKM00003772,HEATHROW UK,20140324,115,-1
GHCND:UKM00003772,HEATHROW UK,20140326,95,0
GHCND:UKM00003772,HEATHROW UK,20140327,111,30
GHCND:UKM00003772,HEATHROW UK,20140328,140,34
GHCND:UKM00003772,HEATHROW UK,20140329,193,0
GHCND:UKM00003772,HEATHROW UK,20140330,198,68
GHCND:UKM00003772,HEATHROW UK,20140331,170,98
GHCND:UKM00003772,HEATHROW UK,20140403,183,0
GHCND:UKM00003772,HEATHROW UK,20140404,151,0
GHCND:UKM00003772,HEATHROW UK,20140405,0,60
GHCND:UKM00003772,HEATHROW UK,20140406,160,127
GHCND:UKM00003772,HEATHROW UK,20140407,144,0
GHCND:UKM00003772,HEATHROW UK,20140408,140,54
GHCND:UKM00003772,HEATHROW UK,20140409,171,44
GHCND:UKM00003772,HEATHROW UK,20140410,166,66
GHCND:UKM00003772,HEATHROW UK,20140411,160,0
GHCND:UKM00003772,HEATHROW UK,20140412,141,63
GHCND:UKM00003772,HEATHROW UK,20140413,164,79
GHCND:UKM00003772,HEATHROW UK,20140414,0,60
GHCND:UKM00003772,HEATHROW UK,20140415,146,38
GHCND:UKM00003772,HEATHROW UK,20140416,171,35
GHCND:UKM00003772,HEATHROW UK,20140417,0,59
GHCND:UKM00003772,HEATHROW UK,20140418,0,57
GHCND:UKM00003772,HEATHROW UK,20140419,140,34
GHCND:UKM00003772,HEATHROW UK,20140420,141,67
GHCND:UKM00003772,HEATHROW UK,20140421,193,0
GHCND:UKM00003772,HEATHROW UK,20140422,164,0
GHCND:UKM00003772,HEATHROW UK,20140423,165,58
GHCND:UKM00003772,HEATHROW UK,20140424,173,0
GHCND:UKM00003772,HEATHROW UK,20140426,162,75
GHCND:UKM00003772,HEATHROW UK,20140427,0,87
GHCND:UKM00003772,HEATHROW UK,20140428,182,98
GHCND:UKM00003772,HEATHROW UK,20140429,172,84
GHCND:UKM00003772,HEATHROW UK,20140430,196,0
GHCND:UKM00003772,HEATHROW UK,20140501,0,96
GHCND:UKM00003772,HEATHROW UK,20140503,145,0
GHCND:UKM00003772,HEATHROW UK,20140504,166,47
GHCND:UKM00003772,HEATHROW UK,20140505,185,0
GHCND:UKM00003772,HEATHROW UK,20140507,178,0
GHCND:UKM00003772,HEATHROW UK,20140508,0,110
GHCND:UKM00003772,HEATHROW UK,20140509,178,112
GHCND:UKM00003772,HEATHROW UK,20140510,181,106
GHCND:UKM00003772,HEATHROW UK,20140511,149,87
GHCND:UKM00003772,HEATHROW UK,20140512,179,0
GHCND:UKM00003772,HEATHROW UK,20140513,164,85
GHCND:UKM00003772,HEATHROW UK,20140514,195,62
GHCND:UKM00003772,HEATHROW UK,20140515,215,82
GHCND:UKM00003772,HEATHROW UK,20140516,228,0
GHCND:UKM00003772,HEATHROW UK,20140517,238,0
GHCND:UKM00003772,HEATHROW UK,20140518,235,0
GHCND:UKM00003772,HEATHROW UK,20140519,263,0
GHCND:UKM00003772,HEATHROW UK,20140520,201,0
GHCND:UKM00003772,HEATHROW UK,20140521,193,0
GHCND:UKM00003772,HEATHROW UK,20140523,170,0
GHCND:UKM00003772,HEATHROW UK,20140524,162,0
GHCND:UKM00003772,HEATHROW UK,20140525,182,0
GHCND:UKM00003772,HEATHROW UK,20140528,0,93
GHCND:UKM00003772,HEATHROW UK,20140529,196,130
GHCND:UKM00003772,HEATHROW UK,20140530,164,0
GHCND:UKM00003772,HEATHROW UK,20140531,192,82
GHCND:UKM00003772,HEATHROW UK,20140601,222,108
GHCND:UKM00003772,HEATHROW UK,20140602,212,130
GHCND:UKM00003772,HEATHROW UK,20140603,199,0
GHCND:UKM00003772,HEATHROW UK,20140604,148,0
GHCND:UKM00003772,HEATHROW UK,20140605,197,82
GHCND:UKM00003772,HEATHROW UK,20140607,223,0
GHCND:UKM00003772,HEATHROW UK,20140608,245,0
GHCND:UKM00003772,HEATHROW UK,20140609,260,0
GHCND:UKM00003772,HEATHROW UK,20140610,225,0
GHCND:UKM00003772,HEATHROW UK,20140611,224,108
GHCND:UKM00003772,HEATHROW UK,20140612,250,119
GHCND:UKM00003772,HEATHROW UK,20140613,261,133
GHCND:UKM00003772,HEATHROW UK,20140614,222,148
GHCND:UKM00003772,HEATHROW UK,20140615,0,140
GHCND:UKM00003772,HEATHROW UK,20140616,0,128
GHCND:UKM00003772,HEATHROW UK,20140618,0,136
GHCND:UKM00003772,HEATHROW UK,20140620,234,115
GHCND:UKM00003772,HEATHROW UK,20140621,241,132
GHCND:UKM00003772,HEATHROW UK,20140622,0,137
GHCND:UKM00003772,HEATHROW UK,20140623,258,0
GHCND:UKM00003772,HEATHROW UK,20140624,0,137
GHCND:UKM00003772,HEATHROW UK,20140625,213,114
GHCND:UKM00003772,HEATHROW UK,20140627,233,139
GHCND:UKM00003772,HEATHROW UK,20140628,0,122
GHCND:UKM00003772,HEATHROW UK,20140629,195,126
GHCND:UKM00003772,HEATHROW UK,20140630,212,98
GHCND:UKM00003772,HEATHROW UK,20140701,233,0
GHCND:UKM00003772,HEATHROW UK,20140702,0,111
GHCND:UKM00003772,HEATHROW UK,20140703,271,131
GHCND:UKM00003772,HEATHROW UK,20140704,270,140
GHCND:UKM00003772,HEATHROW UK,20140705,219,0
GHCND:UKM00003772,HEATHROW UK,20140706,219,0
GHCND:UKM00003772,HEATHROW UK,20140707,215,0
GHCND:UKM00003772,HEATHROW UK,20140708,0,117
GHCND:UKM00003772,HEATHROW UK,20140709,234,120
GHCND:UKM00003772,HEATHROW UK,20140710,219,0
GHCND:UKM00003772,HEATHROW UK,20140711,210,124
GHCND:UKM00003772,HEATHROW UK,20140714,252,117
GHCND:UKM00003772,HEATHROW UK,20140715,265,0
GHCND:UKM00003772,HEATHROW UK,20140716,274,0
GHCND:UKM00003772,HEATHROW UK,20140717,291,173
GHCND:UKM00003772,HEATHROW UK,20140718,303,179
GHCND:UKM00003772,HEATHROW UK,20140719,283,0
GHCND:UKM00003772,HEATHROW UK,20140720,269,0
GHCND:UKM00003772,HEATHROW UK,20140721,269,159
GHCND:UKM00003772,HEATHROW UK,20140722,275,159
GHCND:UKM00003772,HEATHROW UK,20140723,298,155
GHCND:UKM00003772,HEATHROW UK,20140724,296,0
GHCND:UKM00003772,HEATHROW UK,20140725,273,0
GHCND:UKM00003772,HEATHROW UK,20140726,291,180
GHCND:UKM00003772,HEATHROW UK,20140727,262,185
GHCND:UKM00003772,HEATHROW UK,20140728,235,0
GHCND:UKM00003772,HEATHROW UK,20140729,272,157
GHCND:UKM00003772,HEATHROW UK,20140730,264,0
GHCND:UKM00003772,HEATHROW UK,20140731,255,0
GHCND:UKM00003772,HEATHROW UK,20140801,254,0
GHCND:UKM00003772,HEATHROW UK,20140802,246,0
GHCND:UKM00003772,HEATHROW UK,20140803,242,125
GHCND:UKM00003772,HEATHROW UK,20140804,243,0
GHCND:UKM00003772,HEATHROW UK,20140805,251,0
GHCND:UKM00003772,HEATHROW UK,20140806,264,0
GHCND:UKM00003772,HEATHROW UK,20140807,261,0
GHCND:UKM00003772,HEATHROW UK,20140808,237,0
GHCND:UKM00003772,HEATHROW UK,20140809,237,0
GHCND:UKM00003772,HEATHROW UK,20140810,226,0
GHCND:UKM00003772,HEATHROW UK,20140811,219,129
GHCND:UKM00003772,HEATHROW UK,20140812,207,128
GHCND:UKM00003772,HEATHROW UK,20140813,227,118
GHCND:UKM00003772,HEATHROW UK,20140814,216,0
GHCND:UKM00003772,HEATHROW UK,20140815,207,0
GHCND:UKM00003772,HEATHROW UK,20140816,218,0
GHCND:UKM00003772,HEATHROW UK,20140817,215,0
GHCND:UKM00003772,HEATHROW UK,20140818,202,0
GHCND:UKM00003772,HEATHROW UK,20140819,189,0
GHCND:UKM00003772,HEATHROW UK,20140820,190,0
GHCND:UKM00003772,HEATHROW UK,20140821,181,0
GHCND:UKM00003772,HEATHROW UK,20140822,207,0
GHCND:UKM00003772,HEATHROW UK,20140823,195,0
GHCND:UKM00003772,HEATHROW UK,20140824,190,0
GHCND:UKM00003772,HEATHROW UK,20140825,174,129
GHCND:UKM00003772,HEATHROW UK,20140826,170,0
GHCND:UKM00003772,HEATHROW UK,20140827,200,0
GHCND:UKM00003772,HEATHROW UK,20140828,228,0
GHCND:UKM00003772,HEATHROW UK,20140829,215,139
GHCND:UKM00003772,HEATHROW UK,20140830,202,0
GHCND:UKM00003772,HEATHROW UK,20140831,217,0
GHCND:UKM00003772,HEATHROW UK,20140901,192,0
GHCND:UKM00003772,HEATHROW UK,20140902,229,122
GHCND:UKM00003772,HEATHROW UK,20140903,236,0
GHCND:UKM00003772,HEATHROW UK,20140904,213,0
GHCND:UKM00003772,HEATHROW UK,20140905,207,0
GHCND:UKM00003772,HEATHROW UK,20140906,218,0
GHCND:UKM00003772,HEATHROW UK,20140907,216,0
GHCND:UKM00003772,HEATHROW UK,20140908,225,100
GHCND:UKM00003772,HEATHROW UK,20140909,224,119
GHCND:UKM00003772,HEATHROW UK,20140910,212,0
GHCND:UKM00003772,HEATHROW UK,20140911,185,0
GHCND:UKM00003772,HEATHROW UK,20140912,235,128
GHCND:UKM00003772,HEATHROW UK,20140913,213,0
GHCND:UKM00003772,HEATHROW UK,20140914,214,0
GHCND:UKM00003772,HEATHROW UK,20140915,221,0
GHCND:UKM00003772,HEATHROW UK,20140916,238,0
GHCND:UKM00003772,HEATHROW UK,20140917,207,160
GHCND:UKM00003772,HEATHROW UK,20140918,0,147
GHCND:UKM00003772,HEATHROW UK,20140919,245,0
GHCND:UKM00003772,HEATHROW UK,20140920,193,0
GHCND:UKM00003772,HEATHROW UK,20140921,186,0
GHCND:UKM00003772,HEATHROW UK,20140922,193,0
GHCND:UKM00003772,HEATHROW UK,20140923,191,0
GHCND:UKM00003772,HEATHROW UK,20140924,190,0
GHCND:UKM00003772,HEATHROW UK,20140926,222,155
GHCND:UKM00003772,HEATHROW UK,20140927,213,0
GHCND:UKM00003772,HEATHROW UK,20140928,247,147
GHCND:UKM00003772,HEATHROW UK,20140929,192,0
GHCND:UKM00003772,HEATHROW UK,20141001,216,0
GHCND:UKM00003772,HEATHROW UK,20141002,222,0
GHCND:UKM00003772,HEATHROW UK,20141003,223,0
GHCND:UKM00003772,HEATHROW UK,20141004,181,0
GHCND:UKM00003772,HEATHROW UK,20141005,161,0
GHCND:UKM00003772,HEATHROW UK,20141006,132,76
GHCND:UKM00003772,HEATHROW UK,20141007,155,77
GHCND:UKM00003772,HEATHROW UK,20141008,183,69
GHCND:UKM00003772,HEATHROW UK,20141009,181,0
GHCND:UKM00003772,HEATHROW UK,20141010,186,0
GHCND:UKM00003772,HEATHROW UK,20141011,172,0
GHCND:UKM00003772,HEATHROW UK,20141013,145,0
GHCND:UKM00003772,HEATHROW UK,20141015,155,0
GHCND:UKM00003772,HEATHROW UK,20141016,181,116
GHCND:UKM00003772,HEATHROW UK,20141017,195,129
GHCND:UKM00003772,HEATHROW UK,20141018,198,160
GHCND:UKM00003772,HEATHROW UK,20141019,207,0
GHCND:UKM00003772,HEATHROW UK,20141020,176,0
GHCND:UKM00003772,HEATHROW UK,20141021,144,0
GHCND:UKM00003772,HEATHROW UK,20141023,163,107
GHCND:UKM00003772,HEATHROW UK,20141024,172,0
GHCND:UKM00003772,HEATHROW UK,20141025,161,0
GHCND:UKM00003772,HEATHROW UK,20141026,160,117
GHCND:UKM00003772,HEATHROW UK,20141027,188,0
GHCND:UKM00003772,HEATHROW UK,20141028,0,98
GHCND:UKM00003772,HEATHROW UK,20141029,0,117
GHCND:UKM00003772,HEATHROW UK,20141030,183,130
GHCND:UKM00003772,HEATHROW UK,20141031,229,121
GHCND:UKM00003772,HEATHROW UK,20141101,181,0
GHCND:UKM00003772,HEATHROW UK,20141102,158,0
GHCND:UKM00003772,HEATHROW UK,20141104,134,0
GHCND:UKM00003772,HEATHROW UK,20141106,120,5
GHCND:UKM00003772,HEATHROW UK,20141107,133,0
GHCND:UKM00003772,HEATHROW UK,20141108,145,0
GHCND:UKM00003772,HEATHROW UK,20141109,132,0
GHCND:UKM00003772,HEATHROW UK,20141110,133,0
GHCND:UKM00003772,HEATHROW UK,20141111,0,94
GHCND:UKM00003772,HEATHROW UK,20141112,136,0
GHCND:UKM00003772,HEATHROW UK,20141113,0,81
GHCND:UKM00003772,HEATHROW UK,20141115,132,64
GHCND:UKM00003772,HEATHROW UK,20141116,114,73
GHCND:UKM00003772,HEATHROW UK,20141117,0,75
GHCND:UKM00003772,HEATHROW UK,20141118,132,0
GHCND:UKM00003772,HEATHROW UK,20141120,111,0
GHCND:UKM00003772,HEATHROW UK,20141121,0,42
GHCND:UKM00003772,HEATHROW UK,20141122,147,79
GHCND:UKM00003772,HEATHROW UK,20141124,87,10
GHCND:UKM00003772,HEATHROW UK,20141125,91,-2
GHCND:UKM00003772,HEATHROW UK,20141126,0,78
GHCND:UKM00003772,HEATHROW UK,20141127,110,0
GHCND:UKM00003772,HEATHROW UK,20141128,125,84
GHCND:UKM00003772,HEATHROW UK,20141129,135,0
GHCND:UKM00003772,HEATHROW UK,20141130,122,0
GHCND:UKM00003772,HEATHROW UK,20141202,81,0
GHCND:UKM00003772,HEATHROW UK,20141203,84,0
GHCND:UKM00003772,HEATHROW UK,20141205,72,0
GHCND:UKM00003772,HEATHROW UK,20141206,62,0
GHCND:UKM00003772,HEATHROW UK,20141208,73,0
GHCND:UKM00003772,HEATHROW UK,20141209,0,-5
GHCND:UKM00003772,HEATHROW UK,20141211,0,54
GHCND:UKM00003772,HEATHROW UK,20141214,101,-8
GHCND:UKM00003772,HEATHROW UK,20141216,78,4
GHCND:UKM00003772,HEATHROW UK,20141217,131,49
GHCND:UKM00003772,HEATHROW UK,20141218,0,115
GHCND:UKM00003772,HEATHROW UK,20141220,0,42
GHCND:UKM00003772,HEATHROW UK,20141221,0,38
GHCND:UKM00003772,HEATHROW UK,20141222,136,103
GHCND:UKM00003772,HEATHROW UK,20141223,130,105
GHCND:UKM00003772,HEATHROW UK,20141225,87,0
GHCND:UKM00003772,HEATHROW UK,20141226,0,-4
GHCND:UKM00003772,HEATHROW UK,20141228,62,0
GHCND:UKM00003772,HEATHROW UK,20141229,0,-35
GHCND:UKM00003772,HEATHROW UK,20141230,57,-41
GHCND:UKM00003772,HEATHROW UK,20141231,78,-41
GHCND:UKM00003772,HEATHROW UK,20150101,0,47
GHCND:UKM00003772,HEATHROW UK,20150103,62,0
GHCND:UKM00003772,HEATHROW UK,20150104,0,-14
GHCND:UKM00003772,HEATHROW UK,20150105,100,23
GHCND:UKM00003772,HEATHROW UK,20150106,104,0
GHCND:UKM00003772,HEATHROW UK,20150107,0,7
GHCND:UKM00003772,HEATHROW UK,20150109,0,65
GHCND:UKM00003772,HEATHROW UK,20150111,90,27
GHCND:UKM00003772,HEATHROW UK,20150112,122,71
GHCND:UKM00003772,HEATHROW UK,20150116,76,0
GHCND:UKM00003772,HEATHROW UK,20150117,73,-28
GHCND:UKM00003772,HEATHROW UK,20150119,50,0
GHCND:UKM00003772,HEATHROW UK,20150120,50,-67
GHCND:UKM00003772,HEATHROW UK,20150122,43,0
GHCND:UKM00003772,HEATHROW UK,20150123,0,-82
GHCND:UKM00003772,HEATHROW UK,20150125,84,-12
GHCND:UKM00003772,HEATHROW UK,20150127,92,0
GHCND:UKM00003772,HEATHROW UK,20150129,74,0
GHCND:UKM00003772,HEATHROW UK,20150130,67,0
GHCND:UKM00003772,HEATHROW UK,20150131,0,-7
GHCND:UKM00003772,HEATHROW UK,20150203,43,-7
GHCND:UKM00003772,HEATHROW UK,20150204,0,7
GHCND:UKM00003772,HEATHROW UK,20150205,51,0
GHCND:UKM00003772,HEATHROW UK,20150206,54,-3
GHCND:UKM00003772,HEATHROW UK,20150207,54,0
GHCND:UKM00003772,HEATHROW UK,20150209,0,1
GHCND:UKM00003772,HEATHROW UK,20150210,69,39
GHCND:UKM00003772,HEATHROW UK,20150211,54,0
GHCND:UKM00003772,HEATHROW UK,20150212,46,0
GHCND:UKM00003772,HEATHROW UK,20150213,92,0
GHCND:UKM00003772,HEATHROW UK,20150215,95,0
GHCND:UKM00003772,HEATHROW UK,20150216,86,-2
GHCND:UKM00003772,HEATHROW UK,20150217,92,0
GHCND:UKM00003772,HEATHROW UK,20150218,107,0
GHCND:UKM00003772,HEATHROW UK,20150219,87,0
GHCND:UKM00003772,HEATHROW UK,20150220,72,0
GHCND:UKM00003772,HEATHROW UK,20150221,78,0
GHCND:UKM00003772,HEATHROW UK,20150222,0,-21
GHCND:UKM00003772,HEATHROW UK,20150224,0,35
GHCND:UKM00003772,HEATHROW UK,20150225,123,46
GHCND:UKM00003772,HEATHROW UK,20150226,114,0
GHCND:UKM00003772,HEATHROW UK,20150227,99,0
GHCND:UKM00003772,HEATHROW UK,20150228,0,49
GHCND:UKM00003772,HEATHROW UK,20150301,117,0
GHCND:UKM00003772,HEATHROW UK,20150302,90,25
GHCND:UKM00003772,HEATHROW UK,20150303,99,27
GHCND:UKM00003772,HEATHROW UK,20150304,109,17
GHCND:UKM00003772,HEATHROW UK,20150305,126,-4
GHCND:UKM00003772,HEATHROW UK,20150306,132,0
GHCND:UKM00003772,HEATHROW UK,20150307,160,59
GHCND:UKM00003772,HEATHROW UK,20150309,0,12
GHCND:UKM00003772,HEATHROW UK,20150310,125,0
GHCND:UKM00003772,HEATHROW UK,20150311,139,28
GHCND:UKM00003772,HEATHROW UK,20150312,146,0
GHCND:UKM00003772,HEATHROW UK,20150313,116,0
GHCND:UKM00003772,HEATHROW UK,20150314,87,28
GHCND:UKM00003772,HEATHROW UK,20150315,73,49
GHCND:UKM00003772,HEATHROW UK,20150316,83,0
GHCND:UKM00003772,HEATHROW UK,20150317,127,40
GHCND:UKM00003772,HEATHROW UK,20150318,114,0
GHCND:UKM00003772,HEATHROW UK,20150320,121,0
GHCND:UKM00003772,HEATHROW UK,20150322,97,0
GHCND:UKM00003772,HEATHROW UK,20150323,122,9
GHCND:UKM00003772,HEATHROW UK,20150324,107,0
GHCND:UKM00003772,HEATHROW UK,20150325,103,3
GHCND:UKM00003772,HEATHROW UK,20150326,130,35
GHCND:UKM00003772,HEATHROW UK,20150327,131,14
GHCND:UKM00003772,HEATHROW UK,20150328,143,69
GHCND:UKM00003772,HEATHROW UK,20150331,134,0
GHCND:UKM00003772,HEATHROW UK,20150401,123,0
GHCND:UKM00003772,HEATHROW UK,20150402,119,0
GHCND:UKM00003772,HEATHROW UK,20150403,0,68
GHCND:UKM00003772,HEATHROW UK,20150404,100,0
GHCND:UKM00003772,HEATHROW UK,20150405,131,57
GHCND:UKM00003772,HEATHROW UK,20150406,174,18
GHCND:UKM00003772,HEATHROW UK,20150407,179,37
GHCND:UKM00003772,HEATHROW UK,20150408,185,0
GHCND:UKM00003772,HEATHROW UK,20150409,180,0
GHCND:UKM00003772,HEATHROW UK,20150410,213,62
GHCND:UKM00003772,HEATHROW UK,20150411,141,0
GHCND:UKM00003772,HEATHROW UK,20150412,183,0
GHCND:UKM00003772,HEATHROW UK,20150413,171,80
GHCND:UKM00003772,HEATHROW UK,20150414,222,57
GHCND:UKM00003772,HEATHROW UK,20150415,246,87
GHCND:UKM00003772,HEATHROW UK,20150416,177,0
GHCND:UKM00003772,HEATHROW UK,20150417,156,0
GHCND:UKM00003772,HEATHROW UK,20150418,151,0
GHCND:UKM00003772,HEATHROW UK,20150419,119,48
GHCND:UKM00003772,HEATHROW UK,20150420,188,37
GHCND:UKM00003772,HEATHROW UK,20150421,191,46
GHCND:UKM00003772,HEATHROW UK,20150422,165,53
GHCND:UKM00003772,HEATHROW UK,20150423,0,61
GHCND:UKM00003772,HEATHROW UK,20150424,183,0
GHCND:UKM00003772,HEATHROW UK,20150425,186,0
GHCND:UKM00003772,HEATHROW UK,20150427,134,0
GHCND:UKM00003772,HEATHROW UK,20150428,0,31
GHCND:UKM00003772,HEATHROW UK,20150429,141,0
GHCND:UKM00003772,HEATHROW UK,20150430,159,0
GHCND:UKM00003772,HEATHROW UK,20150501,136,59
GHCND:UKM00003772,HEATHROW UK,20150502,157,0
GHCND:UKM00003772,HEATHROW UK,20150503,203,94
GHCND:UKM00003772,HEATHROW UK,20150505,164,0
GHCND:UKM00003772,HEATHROW UK,20150506,148,0
GHCND:UKM00003772,HEATHROW UK,20150507,175,85
GHCND:UKM00003772,HEATHROW UK,20150508,0,79
GHCND:UKM00003772,HEATHROW UK,20150509,193,0
GHCND:UKM00003772,HEATHROW UK,20150510,194,0
GHCND:UKM00003772,HEATHROW UK,20150511,216,0
GHCND:UKM00003772,HEATHROW UK,20150512,182,0
GHCND:UKM00003772,HEATHROW UK,20150513,201,0
GHCND:UKM00003772,HEATHROW UK,20150515,156,0
GHCND:UKM00003772,HEATHROW UK,20150516,188,0
GHCND:UKM00003772,HEATHROW UK,20150517,177,64
GHCND:UKM00003772,HEATHROW UK,20150518,158,0
GHCND:UKM00003772,HEATHROW UK,20150519,147,0
GHCND:UKM00003772,HEATHROW UK,20150520,160,40
GHCND:UKM00003772,HEATHROW UK,20150521,204,53
GHCND:UKM00003772,HEATHROW UK,20150522,196,74
GHCND:UKM00003772,HEATHROW UK,20150523,177,0
GHCND:UKM00003772,HEATHROW UK,20150524,200,120
GHCND:UKM00003772,HEATHROW UK,20150525,167,89
GHCND:UKM00003772,HEATHROW UK,20150526,197,93
GHCND:UKM00003772,HEATHROW UK,20150527,203,0
GHCND:UKM00003772,HEATHROW UK,20150528,181,0
GHCND:UKM00003772,HEATHROW UK,20150529,146,0
GHCND:UKM00003772,HEATHROW UK,20150530,186,66
GHCND:UKM00003772,HEATHROW UK,20150531,163,0
GHCND:UKM00003772,HEATHROW UK,20150601,165,76
GHCND:UKM00003772,HEATHROW UK,20150602,201,107
GHCND:UKM00003772,HEATHROW UK,20150603,204,0
GHCND:UKM00003772,HEATHROW UK,20150604,236,85
GHCND:UKM00003772,HEATHROW UK,20150605,244,0
GHCND:UKM00003772,HEATHROW UK,20150606,205,0
GHCND:UKM00003772,HEATHROW UK,20150607,204,0
GHCND:UKM00003772,HEATHROW UK,20150608,189,0
GHCND:UKM00003772,HEATHROW UK,20150609,157,0
GHCND:UKM00003772,HEATHROW UK,20150610,192,94
GHCND:UKM00003772,HEATHROW UK,20150611,247,95
GHCND:UKM00003772,HEATHROW UK,20150612,254,129
GHCND:UKM00003772,HEATHROW UK,20150613,200,147
GHCND:UKM00003772,HEATHROW UK,20150614,181,0
GHCND:UKM00003772,HEATHROW UK,20150615,207,0
GHCND:UKM00003772,HEATHROW UK,20150616,245,0
GHCND:UKM00003772,HEATHROW UK,20150617,261,117
GHCND:UKM00003772,HEATHROW UK,20150618,221,0
GHCND:UKM00003772,HEATHROW UK,20150619,221,0
GHCND:UKM00003772,HEATHROW UK,20150620,204,129
GHCND:UKM00003772,HEATHROW UK,20150621,212,0
GHCND:UKM00003772,HEATHROW UK,20150622,184,109
GHCND:UKM00003772,HEATHROW UK,20150623,213,118
GHCND:UKM00003772,HEATHROW UK,20150624,244,124
GHCND:UKM00003772,HEATHROW UK,20150625,252,118
GHCND:UKM00003772,HEATHROW UK,20150626,277,135
GHCND:UKM00003772,HEATHROW UK,20150627,251,117
GHCND:UKM00003772,HEATHROW UK,20150628,214,0
GHCND:UKM00003772,HEATHROW UK,20150629,259,133
GHCND:UKM00003772,HEATHROW UK,20150630,303,134
GHCND:UKM00003772,HEATHROW UK,20150701,367,0
GHCND:UKM00003772,HEATHROW UK,20150702,262,0
GHCND:UKM00003772,HEATHROW UK,20150703,272,130
GHCND:UKM00003772,HEATHROW UK,20150704,272,0
GHCND:UKM00003772,HEATHROW UK,20150705,247,138
GHCND:UKM00003772,HEATHROW UK,20150706,237,124
GHCND:UKM00003772,HEATHROW UK,20150707,243,0
GHCND:UKM00003772,HEATHROW UK,20150708,215,136
GHCND:UKM00003772,HEATHROW UK,20150709,231,109
GHCND:UKM00003772,HEATHROW UK,20150710,267,130
GHCND:UKM00003772,HEATHROW UK,20150711,260,144
GHCND:UKM00003772,HEATHROW UK,20150712,226,0
GHCND:UKM00003772,HEATHROW UK,20150713,208,0
GHCND:UKM00003772,HEATHROW UK,20150714,229,168
GHCND:UKM00003772,HEATHROW UK,20150715,225,0
GHCND:UKM00003772,HEATHROW UK,20150716,253,149
GHCND:UKM00003772,HEATHROW UK,20150717,0,149
GHCND:UKM00003772,HEATHROW UK,20150718,236,0
GHCND:UKM00003772,HEATHROW UK,20150719,0,139
GHCND:UKM00003772,HEATHROW UK,20150720,247,140
GHCND:UKM00003772,HEATHROW UK,20150721,265,0
GHCND:UKM00003772,HEATHROW UK,20150722,230,0
GHCND:UKM00003772,HEATHROW UK,20150723,224,0
GHCND:UKM00003772,HEATHROW UK,20150724,173,0
GHCND:UKM00003772,HEATHROW UK,20150725,217,114
GHCND:UKM00003772,HEATHROW UK,20150726,172,0
GHCND:UKM00003772,HEATHROW UK,20150727,209,0
GHCND:UKM00003772,HEATHROW UK,20150728,208,129
GHCND:UKM00003772,HEATHROW UK,20150729,203,97
GHCND:UKM00003772,HEATHROW UK,20150730,203,0
GHCND:UKM00003772,HEATHROW UK,20150731,227,87
GHCND:UKM00003772,HEATHROW UK,20150801,215,94
GHCND:UKM00003772,HEATHROW UK,20150802,262,0
GHCND:UKM00003772,HEATHROW UK,20150803,251,0
GHCND:UKM00003772,HEATHROW UK,20150804,224,0
GHCND:UKM00003772,HEATHROW UK,20150805,220,148
GHCND:UKM00003772,HEATHROW UK,20150806,0,137
GHCND:UKM00003772,HEATHROW UK,20150807,248,125
GHCND:UKM00003772,HEATHROW UK,20150808,0,145
GHCND:UKM00003772,HEATHROW UK,20150809,266,125
GHCND:UKM00003772,HEATHROW UK,20150810,227,0
GHCND:UKM00003772,HEATHROW UK,20150811,213,139
GHCND:UKM00003772,HEATHROW UK,20150812,234,150
GHCND:UKM00003772,HEATHROW UK,20150813,203,0